

Microchip MPLAB XC8 Assembler V3.10 build 20250813170317 
                                                                                               Wed Jan 21 19:29:44 2026

Microchip MPLAB XC8 C Compiler v3.10 (Free license) build 20250813170317 Og1 
     1                           	processor	16F877A
     2                           	pagewidth 120
     3                           	opt	flic
     4                           	psect	idataCOMMON,global,class=CODE,space=0,delta=2,noexec
     5                           	psect	idataBANK0,global,class=CODE,space=0,delta=2,noexec
     6                           	psect	strings,global,class=STRING,space=0,delta=2,noexec
     7                           	psect	cinit,global,class=CODE,space=0,merge=1,delta=2
     8                           	psect	bssCOMMON,global,class=COMMON,space=1,delta=1,noexec
     9                           	psect	dataCOMMON,global,class=COMMON,space=1,delta=1,noexec
    10                           	psect	bssBANK0,global,class=BANK0,space=1,delta=1,noexec
    11                           	psect	dataBANK0,global,class=BANK0,space=1,delta=1,noexec
    12                           	psect	cstackCOMMON,global,class=COMMON,space=1,delta=1,noexec
    13                           	psect	cstackBANK0,global,class=BANK0,space=1,delta=1,noexec
    14                           	psect	maintext,global,class=CODE,space=0,split=1,delta=2
    15                           	psect	text1,local,class=CODE,space=0,merge=1,delta=2
    16                           	psect	text2,local,class=CODE,space=0,merge=1,delta=2
    17                           	psect	text3,local,class=CODE,space=0,merge=1,delta=2,group=1
    18                           	psect	text4,local,class=CODE,space=0,merge=1,delta=2
    19                           	psect	text5,local,class=CODE,space=0,merge=1,delta=2
    20                           	psect	text6,local,class=CODE,space=0,merge=1,delta=2
    21                           	psect	text7,local,class=CODE,space=0,merge=1,delta=2
    22                           	psect	text8,local,class=CODE,space=0,merge=1,delta=2
    23                           	psect	text9,local,class=CODE,space=0,merge=1,delta=2
    24                           	psect	text10,local,class=CODE,space=0,merge=1,delta=2
    25                           	psect	text11,local,class=CODE,space=0,merge=1,delta=2
    26                           	psect	text12,local,class=CODE,space=0,merge=1,delta=2
    27                           	psect	text13,local,class=CODE,space=0,merge=1,delta=2
    28                           	psect	text14,local,class=CODE,space=0,merge=1,delta=2,group=1
    29                           	psect	text15,local,class=CODE,space=0,merge=1,delta=2,group=1
    30                           	psect	text16,local,class=CODE,space=0,merge=1,delta=2
    31                           	psect	text17,local,class=CODE,space=0,merge=1,delta=2
    32                           	psect	text18,local,class=CODE,space=0,merge=1,delta=2
    33                           	psect	text19,local,class=CODE,space=0,merge=1,delta=2
    34                           	psect	text20,local,class=CODE,space=0,merge=1,delta=2
    35                           	psect	text21,local,class=CODE,space=0,merge=1,delta=2
    36                           	psect	intentry,global,class=CODE,space=0,delta=2
    37                           	psect	config,global,abs,ovrld,class=CONFIG,space=4,delta=2,noexec
    38                           	dabs	1,0x7E,2
    39     0000                     
    40                           ; Version 2.20
    41                           ; Generated 12/02/2020 GMT
    42                           ; 
    43                           ; Copyright © 2020, Microchip Technology Inc. and its subsidiaries ("Microchip")
    44                           ; All rights reserved.
    45                           ; 
    46                           ; This software is developed by Microchip Technology Inc. and its subsidiaries ("Microch
      +                          ip").
    47                           ; 
    48                           ; Redistribution and use in source and binary forms, with or without modification, are
    49                           ; permitted provided that the following conditions are met:
    50                           ; 
    51                           ;     1. Redistributions of source code must retain the above copyright notice, this lis
      +                          t of
    52                           ;        conditions and the following disclaimer.
    53                           ; 
    54                           ;     2. Redistributions in binary form must reproduce the above copyright notice, this 
      +                          list
    55                           ;        of conditions and the following disclaimer in the documentation and/or other
    56                           ;        materials provided with the distribution.
    57                           ; 
    58                           ;     3. Microchip's name may not be used to endorse or promote products derived from th
      +                          is
    59                           ;        software without specific prior written permission.
    60                           ; 
    61                           ; THIS SOFTWARE IS PROVIDED BY MICROCHIP "AS IS" AND ANY EXPRESS OR IMPLIED WARRANTIES,
    62                           ; INCLUDING, BUT NOT LIMITED TO, THE IMPLIED WARRANTIES OF MERCHANTABILITY AND FITNESS F
      +                          OR
    63                           ; PURPOSE ARE DISCLAIMED.  IN NO EVENT SHALL MICROCHIP BE LIABLE FOR ANY DIRECT, INDIREC
      +                          T,
    64                           ; INCIDENTAL, SPECIAL, EXEMPLARY, OR CONSEQUENTIAL DAMAGES (INCLUDING BUT NOT LIMITED TO
    65                           ; PROCUREMENT OF SUBSTITUTE GOODS OR SERVICES; LOSS OF USE, DATA OR PROFITS; OR BUSINESS
    66                           ; INTERRUPTION) HOWSOEVER CAUSED AND ON ANY THEORY OF LIABILITY, WHETHER IN CONTRACT, ST
      +                          RICT
    67                           ; LIABILITY, OR TORT (INCLUDING NEGLIGENCE OR OTHERWISE) ARISING IN ANY WAY OUT OF THE U
      +                          SE OF
    68                           ; THIS SOFTWARE, EVEN IF ADVISED OF THE POSSIBILITY OF SUCH DAMAGE.
    69                           ; 
    70                           ; 
    71                           ; Code-generator required, PIC16F877A Definitions
    72                           ; 
    73                           ; SFR Addresses
    74     0004                     fsr             equ	4
    75     0004                     fsr0            equ	4
    76     0000                     indf            equ	0
    77     0000                     indf0           equ	0
    78     0002                     pc              equ	2
    79     0002                     pcl             equ	2
    80     000A                     pclath          equ	10
    81     0003                     status          equ	3
    82     0000                     INDF            equ	0	;# 
    83     0001                     TMR0            equ	1	;# 
    84     0002                     PCL             equ	2	;# 
    85     0003                     STATUS          equ	3	;# 
    86     0004                     FSR             equ	4	;# 
    87     0005                     PORTA           equ	5	;# 
    88     0006                     PORTB           equ	6	;# 
    89     0007                     PORTC           equ	7	;# 
    90     0008                     PORTD           equ	8	;# 
    91     0009                     PORTE           equ	9	;# 
    92     000A                     PCLATH          equ	10	;# 
    93     000B                     INTCON          equ	11	;# 
    94     000C                     PIR1            equ	12	;# 
    95     000D                     PIR2            equ	13	;# 
    96     000E                     TMR1            equ	14	;# 
    97     000E                     TMR1L           equ	14	;# 
    98     000F                     TMR1H           equ	15	;# 
    99     0010                     T1CON           equ	16	;# 
   100     0011                     TMR2            equ	17	;# 
   101     0012                     T2CON           equ	18	;# 
   102     0013                     SSPBUF          equ	19	;# 
   103     0014                     SSPCON          equ	20	;# 
   104     0015                     CCPR1           equ	21	;# 
   105     0015                     CCPR1L          equ	21	;# 
   106     0016                     CCPR1H          equ	22	;# 
   107     0017                     CCP1CON         equ	23	;# 
   108     0018                     RCSTA           equ	24	;# 
   109     0019                     TXREG           equ	25	;# 
   110     001A                     RCREG           equ	26	;# 
   111     001B                     CCPR2           equ	27	;# 
   112     001B                     CCPR2L          equ	27	;# 
   113     001C                     CCPR2H          equ	28	;# 
   114     001D                     CCP2CON         equ	29	;# 
   115     001E                     ADRESH          equ	30	;# 
   116     001F                     ADCON0          equ	31	;# 
   117     0081                     OPTION_REG      equ	129	;# 
   118     0085                     TRISA           equ	133	;# 
   119     0086                     TRISB           equ	134	;# 
   120     0087                     TRISC           equ	135	;# 
   121     0088                     TRISD           equ	136	;# 
   122     0089                     TRISE           equ	137	;# 
   123     008C                     PIE1            equ	140	;# 
   124     008D                     PIE2            equ	141	;# 
   125     008E                     PCON            equ	142	;# 
   126     0091                     SSPCON2         equ	145	;# 
   127     0092                     PR2             equ	146	;# 
   128     0093                     SSPADD          equ	147	;# 
   129     0094                     SSPSTAT         equ	148	;# 
   130     0098                     TXSTA           equ	152	;# 
   131     0099                     SPBRG           equ	153	;# 
   132     009C                     CMCON           equ	156	;# 
   133     009D                     CVRCON          equ	157	;# 
   134     009E                     ADRESL          equ	158	;# 
   135     009F                     ADCON1          equ	159	;# 
   136     010C                     EEDATA          equ	268	;# 
   137     010D                     EEADR           equ	269	;# 
   138     010E                     EEDATH          equ	270	;# 
   139     010F                     EEADRH          equ	271	;# 
   140     018C                     EECON1          equ	396	;# 
   141     018D                     EECON2          equ	397	;# 
   142     0000                     INDF            equ	0	;# 
   143     0001                     TMR0            equ	1	;# 
   144     0002                     PCL             equ	2	;# 
   145     0003                     STATUS          equ	3	;# 
   146     0004                     FSR             equ	4	;# 
   147     0005                     PORTA           equ	5	;# 
   148     0006                     PORTB           equ	6	;# 
   149     0007                     PORTC           equ	7	;# 
   150     0008                     PORTD           equ	8	;# 
   151     0009                     PORTE           equ	9	;# 
   152     000A                     PCLATH          equ	10	;# 
   153     000B                     INTCON          equ	11	;# 
   154     000C                     PIR1            equ	12	;# 
   155     000D                     PIR2            equ	13	;# 
   156     000E                     TMR1            equ	14	;# 
   157     000E                     TMR1L           equ	14	;# 
   158     000F                     TMR1H           equ	15	;# 
   159     0010                     T1CON           equ	16	;# 
   160     0011                     TMR2            equ	17	;# 
   161     0012                     T2CON           equ	18	;# 
   162     0013                     SSPBUF          equ	19	;# 
   163     0014                     SSPCON          equ	20	;# 
   164     0015                     CCPR1           equ	21	;# 
   165     0015                     CCPR1L          equ	21	;# 
   166     0016                     CCPR1H          equ	22	;# 
   167     0017                     CCP1CON         equ	23	;# 
   168     0018                     RCSTA           equ	24	;# 
   169     0019                     TXREG           equ	25	;# 
   170     001A                     RCREG           equ	26	;# 
   171     001B                     CCPR2           equ	27	;# 
   172     001B                     CCPR2L          equ	27	;# 
   173     001C                     CCPR2H          equ	28	;# 
   174     001D                     CCP2CON         equ	29	;# 
   175     001E                     ADRESH          equ	30	;# 
   176     001F                     ADCON0          equ	31	;# 
   177     0081                     OPTION_REG      equ	129	;# 
   178     0085                     TRISA           equ	133	;# 
   179     0086                     TRISB           equ	134	;# 
   180     0087                     TRISC           equ	135	;# 
   181     0088                     TRISD           equ	136	;# 
   182     0089                     TRISE           equ	137	;# 
   183     008C                     PIE1            equ	140	;# 
   184     008D                     PIE2            equ	141	;# 
   185     008E                     PCON            equ	142	;# 
   186     0091                     SSPCON2         equ	145	;# 
   187     0092                     PR2             equ	146	;# 
   188     0093                     SSPADD          equ	147	;# 
   189     0094                     SSPSTAT         equ	148	;# 
   190     0098                     TXSTA           equ	152	;# 
   191     0099                     SPBRG           equ	153	;# 
   192     009C                     CMCON           equ	156	;# 
   193     009D                     CVRCON          equ	157	;# 
   194     009E                     ADRESL          equ	158	;# 
   195     009F                     ADCON1          equ	159	;# 
   196     010C                     EEDATA          equ	268	;# 
   197     010D                     EEADR           equ	269	;# 
   198     010E                     EEDATH          equ	270	;# 
   199     010F                     EEADRH          equ	271	;# 
   200     018C                     EECON1          equ	396	;# 
   201     018D                     EECON2          equ	397	;# 
   202     0000                     INDF            equ	0	;# 
   203     0001                     TMR0            equ	1	;# 
   204     0002                     PCL             equ	2	;# 
   205     0003                     STATUS          equ	3	;# 
   206     0004                     FSR             equ	4	;# 
   207     0005                     PORTA           equ	5	;# 
   208     0006                     PORTB           equ	6	;# 
   209     0007                     PORTC           equ	7	;# 
   210     0008                     PORTD           equ	8	;# 
   211     0009                     PORTE           equ	9	;# 
   212     000A                     PCLATH          equ	10	;# 
   213     000B                     INTCON          equ	11	;# 
   214     000C                     PIR1            equ	12	;# 
   215     000D                     PIR2            equ	13	;# 
   216     000E                     TMR1            equ	14	;# 
   217     000E                     TMR1L           equ	14	;# 
   218     000F                     TMR1H           equ	15	;# 
   219     0010                     T1CON           equ	16	;# 
   220     0011                     TMR2            equ	17	;# 
   221     0012                     T2CON           equ	18	;# 
   222     0013                     SSPBUF          equ	19	;# 
   223     0014                     SSPCON          equ	20	;# 
   224     0015                     CCPR1           equ	21	;# 
   225     0015                     CCPR1L          equ	21	;# 
   226     0016                     CCPR1H          equ	22	;# 
   227     0017                     CCP1CON         equ	23	;# 
   228     0018                     RCSTA           equ	24	;# 
   229     0019                     TXREG           equ	25	;# 
   230     001A                     RCREG           equ	26	;# 
   231     001B                     CCPR2           equ	27	;# 
   232     001B                     CCPR2L          equ	27	;# 
   233     001C                     CCPR2H          equ	28	;# 
   234     001D                     CCP2CON         equ	29	;# 
   235     001E                     ADRESH          equ	30	;# 
   236     001F                     ADCON0          equ	31	;# 
   237     0081                     OPTION_REG      equ	129	;# 
   238     0085                     TRISA           equ	133	;# 
   239     0086                     TRISB           equ	134	;# 
   240     0087                     TRISC           equ	135	;# 
   241     0088                     TRISD           equ	136	;# 
   242     0089                     TRISE           equ	137	;# 
   243     008C                     PIE1            equ	140	;# 
   244     008D                     PIE2            equ	141	;# 
   245     008E                     PCON            equ	142	;# 
   246     0091                     SSPCON2         equ	145	;# 
   247     0092                     PR2             equ	146	;# 
   248     0093                     SSPADD          equ	147	;# 
   249     0094                     SSPSTAT         equ	148	;# 
   250     0098                     TXSTA           equ	152	;# 
   251     0099                     SPBRG           equ	153	;# 
   252     009C                     CMCON           equ	156	;# 
   253     009D                     CVRCON          equ	157	;# 
   254     009E                     ADRESL          equ	158	;# 
   255     009F                     ADCON1          equ	159	;# 
   256     010C                     EEDATA          equ	268	;# 
   257     010D                     EEADR           equ	269	;# 
   258     010E                     EEDATH          equ	270	;# 
   259     010F                     EEADRH          equ	271	;# 
   260     018C                     EECON1          equ	396	;# 
   261     018D                     EECON2          equ	397	;# 
   262     0000                     INDF            equ	0	;# 
   263     0001                     TMR0            equ	1	;# 
   264     0002                     PCL             equ	2	;# 
   265     0003                     STATUS          equ	3	;# 
   266     0004                     FSR             equ	4	;# 
   267     0005                     PORTA           equ	5	;# 
   268     0006                     PORTB           equ	6	;# 
   269     0007                     PORTC           equ	7	;# 
   270     0008                     PORTD           equ	8	;# 
   271     0009                     PORTE           equ	9	;# 
   272     000A                     PCLATH          equ	10	;# 
   273     000B                     INTCON          equ	11	;# 
   274     000C                     PIR1            equ	12	;# 
   275     000D                     PIR2            equ	13	;# 
   276     000E                     TMR1            equ	14	;# 
   277     000E                     TMR1L           equ	14	;# 
   278     000F                     TMR1H           equ	15	;# 
   279     0010                     T1CON           equ	16	;# 
   280     0011                     TMR2            equ	17	;# 
   281     0012                     T2CON           equ	18	;# 
   282     0013                     SSPBUF          equ	19	;# 
   283     0014                     SSPCON          equ	20	;# 
   284     0015                     CCPR1           equ	21	;# 
   285     0015                     CCPR1L          equ	21	;# 
   286     0016                     CCPR1H          equ	22	;# 
   287     0017                     CCP1CON         equ	23	;# 
   288     0018                     RCSTA           equ	24	;# 
   289     0019                     TXREG           equ	25	;# 
   290     001A                     RCREG           equ	26	;# 
   291     001B                     CCPR2           equ	27	;# 
   292     001B                     CCPR2L          equ	27	;# 
   293     001C                     CCPR2H          equ	28	;# 
   294     001D                     CCP2CON         equ	29	;# 
   295     001E                     ADRESH          equ	30	;# 
   296     001F                     ADCON0          equ	31	;# 
   297     0081                     OPTION_REG      equ	129	;# 
   298     0085                     TRISA           equ	133	;# 
   299     0086                     TRISB           equ	134	;# 
   300     0087                     TRISC           equ	135	;# 
   301     0088                     TRISD           equ	136	;# 
   302     0089                     TRISE           equ	137	;# 
   303     008C                     PIE1            equ	140	;# 
   304     008D                     PIE2            equ	141	;# 
   305     008E                     PCON            equ	142	;# 
   306     0091                     SSPCON2         equ	145	;# 
   307     0092                     PR2             equ	146	;# 
   308     0093                     SSPADD          equ	147	;# 
   309     0094                     SSPSTAT         equ	148	;# 
   310     0098                     TXSTA           equ	152	;# 
   311     0099                     SPBRG           equ	153	;# 
   312     009C                     CMCON           equ	156	;# 
   313     009D                     CVRCON          equ	157	;# 
   314     009E                     ADRESL          equ	158	;# 
   315     009F                     ADCON1          equ	159	;# 
   316     010C                     EEDATA          equ	268	;# 
   317     010D                     EEADR           equ	269	;# 
   318     010E                     EEDATH          equ	270	;# 
   319     010F                     EEADRH          equ	271	;# 
   320     018C                     EECON1          equ	396	;# 
   321     018D                     EECON2          equ	397	;# 
   322     0000                     INDF            equ	0	;# 
   323     0001                     TMR0            equ	1	;# 
   324     0002                     PCL             equ	2	;# 
   325     0003                     STATUS          equ	3	;# 
   326     0004                     FSR             equ	4	;# 
   327     0005                     PORTA           equ	5	;# 
   328     0006                     PORTB           equ	6	;# 
   329     0007                     PORTC           equ	7	;# 
   330     0008                     PORTD           equ	8	;# 
   331     0009                     PORTE           equ	9	;# 
   332     000A                     PCLATH          equ	10	;# 
   333     000B                     INTCON          equ	11	;# 
   334     000C                     PIR1            equ	12	;# 
   335     000D                     PIR2            equ	13	;# 
   336     000E                     TMR1            equ	14	;# 
   337     000E                     TMR1L           equ	14	;# 
   338     000F                     TMR1H           equ	15	;# 
   339     0010                     T1CON           equ	16	;# 
   340     0011                     TMR2            equ	17	;# 
   341     0012                     T2CON           equ	18	;# 
   342     0013                     SSPBUF          equ	19	;# 
   343     0014                     SSPCON          equ	20	;# 
   344     0015                     CCPR1           equ	21	;# 
   345     0015                     CCPR1L          equ	21	;# 
   346     0016                     CCPR1H          equ	22	;# 
   347     0017                     CCP1CON         equ	23	;# 
   348     0018                     RCSTA           equ	24	;# 
   349     0019                     TXREG           equ	25	;# 
   350     001A                     RCREG           equ	26	;# 
   351     001B                     CCPR2           equ	27	;# 
   352     001B                     CCPR2L          equ	27	;# 
   353     001C                     CCPR2H          equ	28	;# 
   354     001D                     CCP2CON         equ	29	;# 
   355     001E                     ADRESH          equ	30	;# 
   356     001F                     ADCON0          equ	31	;# 
   357     0081                     OPTION_REG      equ	129	;# 
   358     0085                     TRISA           equ	133	;# 
   359     0086                     TRISB           equ	134	;# 
   360     0087                     TRISC           equ	135	;# 
   361     0088                     TRISD           equ	136	;# 
   362     0089                     TRISE           equ	137	;# 
   363     008C                     PIE1            equ	140	;# 
   364     008D                     PIE2            equ	141	;# 
   365     008E                     PCON            equ	142	;# 
   366     0091                     SSPCON2         equ	145	;# 
   367     0092                     PR2             equ	146	;# 
   368     0093                     SSPADD          equ	147	;# 
   369     0094                     SSPSTAT         equ	148	;# 
   370     0098                     TXSTA           equ	152	;# 
   371     0099                     SPBRG           equ	153	;# 
   372     009C                     CMCON           equ	156	;# 
   373     009D                     CVRCON          equ	157	;# 
   374     009E                     ADRESL          equ	158	;# 
   375     009F                     ADCON1          equ	159	;# 
   376     010C                     EEDATA          equ	268	;# 
   377     010D                     EEADR           equ	269	;# 
   378     010E                     EEDATH          equ	270	;# 
   379     010F                     EEADRH          equ	271	;# 
   380     018C                     EECON1          equ	396	;# 
   381     018D                     EECON2          equ	397	;# 
   382     0000                     INDF            equ	0	;# 
   383     0001                     TMR0            equ	1	;# 
   384     0002                     PCL             equ	2	;# 
   385     0003                     STATUS          equ	3	;# 
   386     0004                     FSR             equ	4	;# 
   387     0005                     PORTA           equ	5	;# 
   388     0006                     PORTB           equ	6	;# 
   389     0007                     PORTC           equ	7	;# 
   390     0008                     PORTD           equ	8	;# 
   391     0009                     PORTE           equ	9	;# 
   392     000A                     PCLATH          equ	10	;# 
   393     000B                     INTCON          equ	11	;# 
   394     000C                     PIR1            equ	12	;# 
   395     000D                     PIR2            equ	13	;# 
   396     000E                     TMR1            equ	14	;# 
   397     000E                     TMR1L           equ	14	;# 
   398     000F                     TMR1H           equ	15	;# 
   399     0010                     T1CON           equ	16	;# 
   400     0011                     TMR2            equ	17	;# 
   401     0012                     T2CON           equ	18	;# 
   402     0013                     SSPBUF          equ	19	;# 
   403     0014                     SSPCON          equ	20	;# 
   404     0015                     CCPR1           equ	21	;# 
   405     0015                     CCPR1L          equ	21	;# 
   406     0016                     CCPR1H          equ	22	;# 
   407     0017                     CCP1CON         equ	23	;# 
   408     0018                     RCSTA           equ	24	;# 
   409     0019                     TXREG           equ	25	;# 
   410     001A                     RCREG           equ	26	;# 
   411     001B                     CCPR2           equ	27	;# 
   412     001B                     CCPR2L          equ	27	;# 
   413     001C                     CCPR2H          equ	28	;# 
   414     001D                     CCP2CON         equ	29	;# 
   415     001E                     ADRESH          equ	30	;# 
   416     001F                     ADCON0          equ	31	;# 
   417     0081                     OPTION_REG      equ	129	;# 
   418     0085                     TRISA           equ	133	;# 
   419     0086                     TRISB           equ	134	;# 
   420     0087                     TRISC           equ	135	;# 
   421     0088                     TRISD           equ	136	;# 
   422     0089                     TRISE           equ	137	;# 
   423     008C                     PIE1            equ	140	;# 
   424     008D                     PIE2            equ	141	;# 
   425     008E                     PCON            equ	142	;# 
   426     0091                     SSPCON2         equ	145	;# 
   427     0092                     PR2             equ	146	;# 
   428     0093                     SSPADD          equ	147	;# 
   429     0094                     SSPSTAT         equ	148	;# 
   430     0098                     TXSTA           equ	152	;# 
   431     0099                     SPBRG           equ	153	;# 
   432     009C                     CMCON           equ	156	;# 
   433     009D                     CVRCON          equ	157	;# 
   434     009E                     ADRESL          equ	158	;# 
   435     009F                     ADCON1          equ	159	;# 
   436     010C                     EEDATA          equ	268	;# 
   437     010D                     EEADR           equ	269	;# 
   438     010E                     EEDATH          equ	270	;# 
   439     010F                     EEADRH          equ	271	;# 
   440     018C                     EECON1          equ	396	;# 
   441     018D                     EECON2          equ	397	;# 
   442     0000                     INDF            equ	0	;# 
   443     0001                     TMR0            equ	1	;# 
   444     0002                     PCL             equ	2	;# 
   445     0003                     STATUS          equ	3	;# 
   446     0004                     FSR             equ	4	;# 
   447     0005                     PORTA           equ	5	;# 
   448     0006                     PORTB           equ	6	;# 
   449     0007                     PORTC           equ	7	;# 
   450     0008                     PORTD           equ	8	;# 
   451     0009                     PORTE           equ	9	;# 
   452     000A                     PCLATH          equ	10	;# 
   453     000B                     INTCON          equ	11	;# 
   454     000C                     PIR1            equ	12	;# 
   455     000D                     PIR2            equ	13	;# 
   456     000E                     TMR1            equ	14	;# 
   457     000E                     TMR1L           equ	14	;# 
   458     000F                     TMR1H           equ	15	;# 
   459     0010                     T1CON           equ	16	;# 
   460     0011                     TMR2            equ	17	;# 
   461     0012                     T2CON           equ	18	;# 
   462     0013                     SSPBUF          equ	19	;# 
   463     0014                     SSPCON          equ	20	;# 
   464     0015                     CCPR1           equ	21	;# 
   465     0015                     CCPR1L          equ	21	;# 
   466     0016                     CCPR1H          equ	22	;# 
   467     0017                     CCP1CON         equ	23	;# 
   468     0018                     RCSTA           equ	24	;# 
   469     0019                     TXREG           equ	25	;# 
   470     001A                     RCREG           equ	26	;# 
   471     001B                     CCPR2           equ	27	;# 
   472     001B                     CCPR2L          equ	27	;# 
   473     001C                     CCPR2H          equ	28	;# 
   474     001D                     CCP2CON         equ	29	;# 
   475     001E                     ADRESH          equ	30	;# 
   476     001F                     ADCON0          equ	31	;# 
   477     0081                     OPTION_REG      equ	129	;# 
   478     0085                     TRISA           equ	133	;# 
   479     0086                     TRISB           equ	134	;# 
   480     0087                     TRISC           equ	135	;# 
   481     0088                     TRISD           equ	136	;# 
   482     0089                     TRISE           equ	137	;# 
   483     008C                     PIE1            equ	140	;# 
   484     008D                     PIE2            equ	141	;# 
   485     008E                     PCON            equ	142	;# 
   486     0091                     SSPCON2         equ	145	;# 
   487     0092                     PR2             equ	146	;# 
   488     0093                     SSPADD          equ	147	;# 
   489     0094                     SSPSTAT         equ	148	;# 
   490     0098                     TXSTA           equ	152	;# 
   491     0099                     SPBRG           equ	153	;# 
   492     009C                     CMCON           equ	156	;# 
   493     009D                     CVRCON          equ	157	;# 
   494     009E                     ADRESL          equ	158	;# 
   495     009F                     ADCON1          equ	159	;# 
   496     010C                     EEDATA          equ	268	;# 
   497     010D                     EEADR           equ	269	;# 
   498     010E                     EEDATH          equ	270	;# 
   499     010F                     EEADRH          equ	271	;# 
   500     018C                     EECON1          equ	396	;# 
   501     018D                     EECON2          equ	397	;# 
   502                           
   503                           	psect	idataCOMMON
   504     07FF                     __pidataCOMMON:
   505                           
   506                           ;initializer for read_matrix_keypad@once
   507     07FF  3401               	retlw	1
   508                           
   509                           	psect	idataBANK0
   510     0003                     __pidataBANK0:
   511                           
   512                           ;initializer for _screen_flag
   513     0003  3410               	retlw	16
   514     0008                     _PORTD          set	8
   515     0061                     _TMR2IF         set	97
   516     0032                     _RB2            set	50
   517     0031                     _RB1            set	49
   518     0030                     _RB0            set	48
   519     0040                     _RD0            set	64
   520     0041                     _RD1            set	65
   521     0042                     _RD2            set	66
   522     0043                     _RD3            set	67
   523     003A                     _RC2            set	58
   524     0092                     _TMR2ON         set	146
   525     005F                     _GIE            set	95
   526     005E                     _PEIE           set	94
   527     0049                     _RE1            set	73
   528     004A                     _RE2            set	74
   529     0092                     _PR2            set	146
   530     0081                     _OPTION_REGbits set	129
   531     0086                     _TRISB          set	134
   532     0088                     _TRISD          set	136
   533     0461                     _TMR2IE         set	1121
   534     043A                     _TRISC2         set	1082
   535     0449                     _TRISE1         set	1097
   536     044A                     _TRISE2         set	1098
   537                           
   538                           	psect	strings
   539     0419                     __pstrings:
   540     0419                     stringtab:
   541     0419                     __stringtab:
   542     0419                     stringcode:	
   543                           ;	String table - string pointers are 1 byte each
   544                           
   545     0419                     stringdir:
   546     0419  3004               	movlw	high stringdir
   547     041A  008A               	movwf	10
   548     041B  0804               	movf	4,w
   549     041C  0A84               	incf	4,f
   550     041D  0782               	addwf	2,f
   551     041E                     __stringbase:
   552     041E  3400               	retlw	0
   553     041F                     __end_of__stringtab:
   554     041F                     STR_8:
   555     041F  3453               	retlw	83	;'S'
   556     0420  3445               	retlw	69	;'E'
   557     0421  3454               	retlw	84	;'T'
   558     0422  3420               	retlw	32	;' '
   559     0423  3454               	retlw	84	;'T'
   560     0424  3449               	retlw	73	;'I'
   561     0425  344D               	retlw	77	;'M'
   562     0426  3445               	retlw	69	;'E'
   563     0427  3420               	retlw	32	;' '
   564     0428  3428               	retlw	40	;'('
   565     0429  344D               	retlw	77	;'M'
   566     042A  344D               	retlw	77	;'M'
   567     042B  343A               	retlw	58	;':'
   568     042C  3453               	retlw	83	;'S'
   569     042D  3453               	retlw	83	;'S'
   570     042E  3429               	retlw	41	;')'
   571     042F  3400               	retlw	0
   572     0430                     STR_10:
   573     0430  342A               	retlw	42	;'*'
   574     0431  343A               	retlw	58	;':'
   575     0432  3443               	retlw	67	;'C'
   576     0433  344C               	retlw	76	;'L'
   577     0434  3445               	retlw	69	;'E'
   578     0435  3441               	retlw	65	;'A'
   579     0436  3452               	retlw	82	;'R'
   580     0437  3420               	retlw	32	;' '
   581     0438  3423               	retlw	35	;'#'
   582     0439  343A               	retlw	58	;':'
   583     043A  3445               	retlw	69	;'E'
   584     043B  344E               	retlw	78	;'N'
   585     043C  3454               	retlw	84	;'T'
   586     043D  3445               	retlw	69	;'E'
   587     043E  3452               	retlw	82	;'R'
   588     043F  3400               	retlw	0
   589     0440                     STR_21:
   590     0440  3445               	retlw	69	;'E'
   591     0441  346E               	retlw	110	;'n'
   592     0442  346A               	retlw	106	;'j'
   593     0443  346F               	retlw	111	;'o'
   594     0444  3479               	retlw	121	;'y'
   595     0445  3420               	retlw	32	;' '
   596     0446  3479               	retlw	121	;'y'
   597     0447  346F               	retlw	111	;'o'
   598     0448  3475               	retlw	117	;'u'
   599     0449  3472               	retlw	114	;'r'
   600     044A  3420               	retlw	32	;' '
   601     044B  346D               	retlw	109	;'m'
   602     044C  3465               	retlw	101	;'e'
   603     044D  3461               	retlw	97	;'a'
   604     044E  346C               	retlw	108	;'l'
   605     044F  3400               	retlw	0
   606     0450                     STR_11:
   607     0450  3453               	retlw	83	;'S'
   608     0451  3445               	retlw	69	;'E'
   609     0452  3454               	retlw	84	;'T'
   610     0453  3420               	retlw	32	;' '
   611     0454  3454               	retlw	84	;'T'
   612     0455  3465               	retlw	101	;'e'
   613     0456  346D               	retlw	109	;'m'
   614     0457  3470               	retlw	112	;'p'
   615     0458  3420               	retlw	32	;' '
   616     0459  3428               	retlw	40	;'('
   617     045A  343C               	retlw	60	;'<'
   618     045B  342A               	retlw	42	;'*'
   619     045C  3443               	retlw	67	;'C'
   620     045D  343E               	retlw	62	;'>'
   621     045E  3400               	retlw	0
   622     045F                     STR_17:
   623     045F  3434               	retlw	52	;'4'
   624     0460  342E               	retlw	46	;'.'
   625     0461  3453               	retlw	83	;'S'
   626     0462  3454               	retlw	84	;'T'
   627     0463  3441               	retlw	65	;'A'
   628     0464  3452               	retlw	82	;'R'
   629     0465  3454               	retlw	84	;'T'
   630     0466  342F               	retlw	47	;'/'
   631     0467  3452               	retlw	82	;'R'
   632     0468  3445               	retlw	69	;'E'
   633     0469  3453               	retlw	83	;'S'
   634     046A  3455               	retlw	85	;'U'
   635     046B  344D               	retlw	77	;'M'
   636     046C  3445               	retlw	69	;'E'
   637     046D  3400               	retlw	0
   638     046E                     STR_3:
   639     046E  344D               	retlw	77	;'M'
   640     046F  3469               	retlw	105	;'i'
   641     0470  3463               	retlw	99	;'c'
   642     0471  3472               	retlw	114	;'r'
   643     0472  346F               	retlw	111	;'o'
   644     0473  3477               	retlw	119	;'w'
   645     0474  3461               	retlw	97	;'a'
   646     0475  3476               	retlw	118	;'v'
   647     0476  3465               	retlw	101	;'e'
   648     0477  3420               	retlw	32	;' '
   649     0478  344F               	retlw	79	;'O'
   650     0479  3476               	retlw	118	;'v'
   651     047A  3465               	retlw	101	;'e'
   652     047B  346E               	retlw	110	;'n'
   653     047C  3400               	retlw	0
   654     047D                     STR_6:
   655     047D  3433               	retlw	51	;'3'
   656     047E  3420               	retlw	32	;' '
   657     047F  3443               	retlw	67	;'C'
   658     0480  346F               	retlw	111	;'o'
   659     0481  346E               	retlw	110	;'n'
   660     0482  3476               	retlw	118	;'v'
   661     0483  3465               	retlw	101	;'e'
   662     0484  3463               	retlw	99	;'c'
   663     0485  3474               	retlw	116	;'t'
   664     0486  3469               	retlw	105	;'i'
   665     0487  346F               	retlw	111	;'o'
   666     0488  346E               	retlw	110	;'n'
   667     0489  3400               	retlw	0
   668     048A                     STR_1:
   669     048A  3450               	retlw	80	;'P'
   670     048B  346F               	retlw	111	;'o'
   671     048C  3477               	retlw	119	;'w'
   672     048D  3465               	retlw	101	;'e'
   673     048E  3472               	retlw	114	;'r'
   674     048F  3420               	retlw	32	;' '
   675     0490  343D               	retlw	61	;'='
   676     0491  3420               	retlw	32	;' '
   677     0492  3439               	retlw	57	;'9'
   678     0493  3430               	retlw	48	;'0'
   679     0494  3430               	retlw	48	;'0'
   680     0495  3457               	retlw	87	;'W'
   681     0496  3400               	retlw	0
   682     0497                     STR_2:
   683     0497  3450               	retlw	80	;'P'
   684     0498  346F               	retlw	111	;'o'
   685     0499  3477               	retlw	119	;'w'
   686     049A  3465               	retlw	101	;'e'
   687     049B  3472               	retlw	114	;'r'
   688     049C  3469               	retlw	105	;'i'
   689     049D  346E               	retlw	110	;'n'
   690     049E  3467               	retlw	103	;'g'
   691     049F  3420               	retlw	32	;' '
   692     04A0  344F               	retlw	79	;'O'
   693     04A1  344E               	retlw	78	;'N'
   694     04A2  3400               	retlw	0
   695     04A3                     STR_14:
   696     04A3  3450               	retlw	80	;'P'
   697     04A4  3472               	retlw	114	;'r'
   698     04A5  3465               	retlw	101	;'e'
   699     04A6  342D               	retlw	45	;'-'
   700     04A7  3448               	retlw	72	;'H'
   701     04A8  3465               	retlw	101	;'e'
   702     04A9  3461               	retlw	97	;'a'
   703     04AA  3474               	retlw	116	;'t'
   704     04AB  3469               	retlw	105	;'i'
   705     04AC  346E               	retlw	110	;'n'
   706     04AD  3467               	retlw	103	;'g'
   707     04AE  3400               	retlw	0
   708     04AF                     STR_20:
   709     04AF  3454               	retlw	84	;'T'
   710     04B0  3449               	retlw	73	;'I'
   711     04B1  344D               	retlw	77	;'M'
   712     04B2  3445               	retlw	69	;'E'
   713     04B3  3420               	retlw	32	;' '
   714     04B4  3455               	retlw	85	;'U'
   715     04B5  3450               	retlw	80	;'P'
   716     04B6  3421               	retlw	33	;'!'
   717     04B7  3421               	retlw	33	;'!'
   718     04B8  3421               	retlw	33	;'!'
   719     04B9  3400               	retlw	0
   720     04BA                     STR_15:
   721     04BA  3454               	retlw	84	;'T'
   722     04BB  3469               	retlw	105	;'i'
   723     04BC  346D               	retlw	109	;'m'
   724     04BD  3465               	retlw	101	;'e'
   725     04BE  3420               	retlw	32	;' '
   726     04BF  3452               	retlw	82	;'R'
   727     04C0  3465               	retlw	101	;'e'
   728     04C1  346D               	retlw	109	;'m'
   729     04C2  343A               	retlw	58	;':'
   730     04C3  3400               	retlw	0
   731     04C4                     STR_16:
   732     04C4  3454               	retlw	84	;'T'
   733     04C5  3449               	retlw	73	;'I'
   734     04C6  344D               	retlw	77	;'M'
   735     04C7  3445               	retlw	69	;'E'
   736     04C8  3420               	retlw	32	;' '
   737     04C9  343D               	retlw	61	;'='
   738     04CA  3420               	retlw	32	;' '
   739     04CB  3400               	retlw	0
   740     04CC                     STR_18:
   741     04CC  3435               	retlw	53	;'5'
   742     04CD  342E               	retlw	46	;'.'
   743     04CE  3450               	retlw	80	;'P'
   744     04CF  3441               	retlw	65	;'A'
   745     04D0  3455               	retlw	85	;'U'
   746     04D1  3453               	retlw	83	;'S'
   747     04D2  3445               	retlw	69	;'E'
   748     04D3  3400               	retlw	0
   749     04D4                     STR_5:
   750     04D4  3432               	retlw	50	;'2'
   751     04D5  3420               	retlw	32	;' '
   752     04D6  3447               	retlw	71	;'G'
   753     04D7  3472               	retlw	114	;'r'
   754     04D8  3469               	retlw	105	;'i'
   755     04D9  346C               	retlw	108	;'l'
   756     04DA  346C               	retlw	108	;'l'
   757     04DB  3400               	retlw	0
   758     04DC                     STR_4:
   759     04DC  3431               	retlw	49	;'1'
   760     04DD  3420               	retlw	32	;' '
   761     04DE  344D               	retlw	77	;'M'
   762     04DF  3469               	retlw	105	;'i'
   763     04E0  3463               	retlw	99	;'c'
   764     04E1  3472               	retlw	114	;'r'
   765     04E2  346F               	retlw	111	;'o'
   766     04E3  3400               	retlw	0
   767     04E4                     STR_7:
   768     04E4  3434               	retlw	52	;'4'
   769     04E5  3420               	retlw	32	;' '
   770     04E6  3453               	retlw	83	;'S'
   771     04E7  3474               	retlw	116	;'t'
   772     04E8  3461               	retlw	97	;'a'
   773     04E9  3472               	retlw	114	;'r'
   774     04EA  3474               	retlw	116	;'t'
   775     04EB  3400               	retlw	0
   776     04EC                     STR_19:
   777     04EC  3436               	retlw	54	;'6'
   778     04ED  342E               	retlw	46	;'.'
   779     04EE  3453               	retlw	83	;'S'
   780     04EF  3454               	retlw	84	;'T'
   781     04F0  344F               	retlw	79	;'O'
   782     04F1  3450               	retlw	80	;'P'
   783     04F2  3400               	retlw	0
   784     04F3                     STR_9:
   785     04F3  3454               	retlw	84	;'T'
   786     04F4  3449               	retlw	73	;'I'
   787     04F5  344D               	retlw	77	;'M'
   788     04F6  3445               	retlw	69	;'E'
   789     04F7  343A               	retlw	58	;':'
   790     04F8  3400               	retlw	0
   791     04F9                     STR_12:
   792     04F9  3454               	retlw	84	;'T'
   793     04FA  3465               	retlw	101	;'e'
   794     04FB  346D               	retlw	109	;'m'
   795     04FC  3470               	retlw	112	;'p'
   796     04FD  343D               	retlw	61	;'='
   797     04FE  3400               	retlw	0
   798     0430                     STR_13          equ	STR_10
   799                           
   800                           	psect	cinit
   801     000F                     start_initialization:	
   802                           ; #config settings
   803                           
   804     000F                     __initialization:
   805                           
   806                           ; Initialize objects allocated to BANK0
   807     000F  120A  118A  2003  120A  118A  	fcall	__pidataBANK0	;fetch initializer
   808     0014  00BE               	movwf	__pdataBANK0& (0+127)
   809                           
   810                           ; Initialize objects allocated to COMMON
   811     0015  120A  118A  27FF  120A  118A  	fcall	__pidataCOMMON	;fetch initializer
   812     001A  00FB               	movwf	__pdataCOMMON& (0+127)
   813                           
   814                           ; Clear objects allocated to BANK0
   815     001B  01B3               	clrf	__pbssBANK0& (0+127)
   816     001C  01B4               	clrf	(__pbssBANK0+1)& (0+127)
   817     001D  01B5               	clrf	(__pbssBANK0+2)& (0+127)
   818     001E  01B6               	clrf	(__pbssBANK0+3)& (0+127)
   819     001F  01B7               	clrf	(__pbssBANK0+4)& (0+127)
   820     0020  01B8               	clrf	(__pbssBANK0+5)& (0+127)
   821     0021  01B9               	clrf	(__pbssBANK0+6)& (0+127)
   822     0022  01BA               	clrf	(__pbssBANK0+7)& (0+127)
   823     0023  01BB               	clrf	(__pbssBANK0+8)& (0+127)
   824     0024  01BC               	clrf	(__pbssBANK0+9)& (0+127)
   825     0025  01BD               	clrf	(__pbssBANK0+10)& (0+127)
   826                           
   827                           ; Clear objects allocated to COMMON
   828     0026  01F9               	clrf	__pbssCOMMON& (0+127)
   829     0027  01FA               	clrf	(__pbssCOMMON+1)& (0+127)
   830     0028                     end_of_initialization:	
   831                           ;End of C runtime variable initialization code
   832                           
   833     0028                     __end_of__initialization:
   834     0028  0183               	clrf	3
   835     0029  120A  118A  2B0B   	ljmp	_main	;jump to C main() function
   836                           
   837                           	psect	bssCOMMON
   838     0079                     __pbssCOMMON:
   839     0079                     isr@count:
   840     0079                     	ds	2
   841                           
   842                           	psect	dataCOMMON
   843     007B                     __pdataCOMMON:
   844     007B                     read_matrix_keypad@once:
   845     007B                     	ds	1
   846                           
   847                           	psect	bssBANK0
   848     0033                     __pbssBANK0:
   849     0033                     set_temp@display_blank:
   850     0033                     	ds	1
   851     0034                     set_temp@delay:
   852     0034                     	ds	1
   853     0035                     set_temp@key_count:
   854     0035                     	ds	1
   855     0036                     set_time@display_blank:
   856     0036                     	ds	1
   857     0037                     set_time@delay:
   858     0037                     	ds	1
   859     0038                     set_time@key_count:
   860     0038                     	ds	1
   861     0039                     set_time@blink_pos:
   862     0039                     	ds	1
   863     003A                     _pre_heat:
   864     003A                     	ds	1
   865     003B                     _temp:
   866     003B                     	ds	1
   867     003C                     _min:
   868     003C                     	ds	1
   869     003D                     _sec:
   870     003D                     	ds	1
   871                           
   872                           	psect	dataBANK0
   873     003E                     __pdataBANK0:
   874     003E                     _screen_flag:
   875     003E                     	ds	1
   876                           
   877                           	psect	cstackCOMMON
   878     0070                     __pcstackCOMMON:
   879     0070                     ?_init_matrix_keypad:
   880     0070                     ?_init_timer2:	
   881                           ; 1 bytes @ 0x0
   882                           
   883     0070                     ?_read_matrix_keypad:	
   884                           ; 1 bytes @ 0x0
   885                           
   886     0070                     ?_display_power_screen:	
   887                           ; 1 bytes @ 0x0
   888                           
   889     0070                     ?_display_modes:	
   890                           ; 1 bytes @ 0x0
   891                           
   892     0070                     ?_display_time:	
   893                           ; 1 bytes @ 0x0
   894                           
   895     0070                     ?_heat_food:	
   896                           ; 1 bytes @ 0x0
   897                           
   898     0070                     ?_init_display_controller:	
   899                           ; 1 bytes @ 0x0
   900                           
   901     0070                     ?_init_clcd:	
   902                           ; 1 bytes @ 0x0
   903                           
   904     0070                     ?_clear_screen:	
   905                           ; 1 bytes @ 0x0
   906                           
   907     0070                     ?_init_config:	
   908                           ; 1 bytes @ 0x0
   909                           
   910     0070                     ?_main:	
   911                           ; 1 bytes @ 0x0
   912                           
   913     0070                     ?_scan_keypad:	
   914                           ; 1 bytes @ 0x0
   915                           
   916     0070                     ?_isr:	
   917                           ; 1 bytes @ 0x0
   918                           
   919     0070                     ??_isr:	
   920                           ; 1 bytes @ 0x0
   921                           
   922                           
   923                           ; 1 bytes @ 0x0
   924     0070                     	ds	2
   925     0072                     ?_clcd_write:
   926     0072                     ?___bmul:	
   927                           ; 1 bytes @ 0x2
   928                           
   929     0072                     ?___awdiv:	
   930                           ; 1 bytes @ 0x2
   931                           
   932     0072                     clcd_write@mode:	
   933                           ; 2 bytes @ 0x2
   934                           
   935     0072                     ___bmul@multiplicand:	
   936                           ; 1 bytes @ 0x2
   937                           
   938     0072                     scan_keypad@i:	
   939                           ; 1 bytes @ 0x2
   940                           
   941     0072                     ___awdiv@divisor:	
   942                           ; 2 bytes @ 0x2
   943                           
   944     0072                     ??_init_matrix_keypad:	
   945                           ; 2 bytes @ 0x2
   946                           
   947     0072                     ??_init_timer2:	
   948                           ; 1 bytes @ 0x2
   949                           
   950     0072                     ??_heat_food:	
   951                           ; 1 bytes @ 0x2
   952                           
   953     0072                     ??_scan_keypad:	
   954                           ; 1 bytes @ 0x2
   955                           
   956                           
   957                           ; 1 bytes @ 0x2
   958     0072                     	ds	1
   959     0073                     ___bmul@product:
   960     0073                     ??_clcd_write:	
   961                           ; 1 bytes @ 0x3
   962                           
   963     0073                     ??___bmul:	
   964                           ; 1 bytes @ 0x3
   965                           
   966                           
   967                           ; 1 bytes @ 0x3
   968     0073                     	ds	1
   969     0074                     read_matrix_keypad@mode:
   970     0074                     ___bmul@multiplier:	
   971                           ; 1 bytes @ 0x4
   972                           
   973     0074                     ___awdiv@dividend:	
   974                           ; 1 bytes @ 0x4
   975                           
   976     0074                     ??_read_matrix_keypad:	
   977                           ; 2 bytes @ 0x4
   978                           
   979                           
   980                           ; 1 bytes @ 0x4
   981     0074                     	ds	1
   982     0075                     clcd_write@byte:
   983     0075                     read_matrix_keypad@key:	
   984                           ; 1 bytes @ 0x5
   985                           
   986                           
   987                           ; 1 bytes @ 0x5
   988     0075                     	ds	1
   989     0076                     ?_clcd_print:
   990     0076                     clcd_print@str:	
   991                           ; 1 bytes @ 0x6
   992                           
   993     0076                     ___awmod@counter:	
   994                           ; 1 bytes @ 0x6
   995                           
   996     0076                     ??_init_display_controller:	
   997                           ; 1 bytes @ 0x6
   998                           
   999     0076                     ??_clear_screen:	
  1000                           ; 1 bytes @ 0x6
  1001                           
  1002     0076                     ??___awdiv:	
  1003                           ; 1 bytes @ 0x6
  1004                           
  1005     0076                     ??___awmod:	
  1006                           ; 1 bytes @ 0x6
  1007                           
  1008                           
  1009                           ; 1 bytes @ 0x6
  1010     0076                     	ds	1
  1011     0077                     clcd_print@addr:
  1012     0077                     ___awmod@sign:	
  1013                           ; 1 bytes @ 0x7
  1014                           
  1015                           
  1016                           ; 1 bytes @ 0x7
  1017     0077                     	ds	1
  1018     0078                     clcd_putch@data:
  1019     0078                     ??_display_modes:	
  1020                           ; 1 bytes @ 0x8
  1021                           
  1022     0078                     ??_init_clcd:	
  1023                           ; 1 bytes @ 0x8
  1024                           
  1025     0078                     ??_clcd_putch:	
  1026                           ; 1 bytes @ 0x8
  1027                           
  1028     0078                     ??_clcd_print:	
  1029                           ; 1 bytes @ 0x8
  1030                           
  1031     0078                     ??_init_config:	
  1032                           ; 1 bytes @ 0x8
  1033                           
  1034                           
  1035                           ; 1 bytes @ 0x8
  1036     0078                     	ds	1
  1037                           
  1038                           	psect	cstackBANK0
  1039     0020                     __pcstackBANK0:
  1040     0020                     ___awdiv@counter:
  1041                           
  1042                           ; 1 bytes @ 0x0
  1043     0020                     	ds	1
  1044     0021                     ___awdiv@sign:
  1045                           
  1046                           ; 1 bytes @ 0x1
  1047     0021                     	ds	1
  1048     0022                     ___awdiv@quotient:
  1049                           
  1050                           ; 2 bytes @ 0x2
  1051     0022                     	ds	2
  1052     0024                     ?___awmod:
  1053     0024                     ___awmod@divisor:	
  1054                           ; 2 bytes @ 0x4
  1055                           
  1056                           
  1057                           ; 2 bytes @ 0x4
  1058     0024                     	ds	2
  1059     0026                     ___awmod@dividend:
  1060                           
  1061                           ; 2 bytes @ 0x6
  1062     0026                     	ds	2
  1063     0028                     ?_clcd_putch:
  1064     0028                     clcd_putch@addr:	
  1065                           ; 1 bytes @ 0x8
  1066                           
  1067                           
  1068                           ; 1 bytes @ 0x8
  1069     0028                     	ds	1
  1070     0029                     ?_set_time:
  1071     0029                     ?_set_temp:	
  1072                           ; 1 bytes @ 0x9
  1073                           
  1074     0029                     set_time@reset_flag:	
  1075                           ; 1 bytes @ 0x9
  1076                           
  1077     0029                     set_temp@reset_flag:	
  1078                           ; 1 bytes @ 0x9
  1079                           
  1080     0029                     ??_display_power_screen:	
  1081                           ; 1 bytes @ 0x9
  1082                           
  1083     0029                     ??_display_time:	
  1084                           ; 1 bytes @ 0x9
  1085                           
  1086                           
  1087                           ; 1 bytes @ 0x9
  1088     0029                     	ds	1
  1089     002A                     ??_set_time:
  1090     002A                     ??_set_temp:	
  1091                           ; 1 bytes @ 0xA
  1092                           
  1093                           
  1094                           ; 1 bytes @ 0xA
  1095     002A                     	ds	2
  1096     002C                     display_power_screen@i:
  1097     002C                     set_time@key:	
  1098                           ; 1 bytes @ 0xC
  1099                           
  1100     002C                     set_temp@key:	
  1101                           ; 1 bytes @ 0xC
  1102                           
  1103                           
  1104                           ; 1 bytes @ 0xC
  1105     002C                     	ds	1
  1106     002D                     display_power_screen@i_185:
  1107                           
  1108                           ; 1 bytes @ 0xD
  1109     002D                     	ds	1
  1110     002E                     ??_main:
  1111                           
  1112                           ; 1 bytes @ 0xE
  1113     002E                     	ds	3
  1114     0031                     main@reset_flag:
  1115                           
  1116                           ; 1 bytes @ 0x11
  1117     0031                     	ds	1
  1118     0032                     main@key:
  1119                           
  1120                           ; 1 bytes @ 0x12
  1121     0032                     	ds	1
  1122                           
  1123                           	psect	maintext
  1124     030B                     __pmaintext:	
  1125 ;;
  1126 ;;Main: autosize = 0, tempsize = 3, incstack = 0, save=0
  1127 ;;
  1128 ;; *************** function _main *****************
  1129 ;; Defined at:
  1130 ;;		line 25 in file "main.c"
  1131 ;; Parameters:    Size  Location     Type
  1132 ;;		None
  1133 ;; Auto vars:     Size  Location     Type
  1134 ;;  key             1   18[BANK0 ] unsigned char 
  1135 ;;  reset_flag      1   17[BANK0 ] unsigned char 
  1136 ;; Return value:  Size  Location     Type
  1137 ;;                  1    wreg      void 
  1138 ;; Registers used:
  1139 ;;		wreg, fsr0l, fsr0h, status,2, status,0, pclath, btemp1, cstack
  1140 ;; Tracked objects:
  1141 ;;		On entry : B00/0
  1142 ;;		On exit  : 0/0
  1143 ;;		Unchanged: 0/0
  1144 ;; Data sizes:     COMMON   BANK0   BANK1   BANK3   BANK2
  1145 ;;      Params:         0       0       0       0       0
  1146 ;;      Locals:         0       2       0       0       0
  1147 ;;      Temps:          0       3       0       0       0
  1148 ;;      Totals:         0       5       0       0       0
  1149 ;;Total ram usage:        5 bytes
  1150 ;; Hardware stack levels required when called: 5
  1151 ;; This function calls:
  1152 ;;		_clcd_print
  1153 ;;		_clear_screen
  1154 ;;		_display_modes
  1155 ;;		_display_power_screen
  1156 ;;		_display_time
  1157 ;;		_heat_food
  1158 ;;		_init_config
  1159 ;;		_read_matrix_keypad
  1160 ;;		_set_temp
  1161 ;;		_set_time
  1162 ;; This function is called by:
  1163 ;;		Startup code after reset
  1164 ;; This function uses a non-reentrant model
  1165 ;;
  1166                           
  1167     030B                     _main:	
  1168                           ;psect for function _main
  1169                           
  1170     030B                     l2488:	
  1171                           ;incstack = 0
  1172                           ; Regs used in _main: [wreg-fsr0h+status,2+status,0+pclath+btemp1+cstack]
  1173                           
  1174                           
  1175                           ;main.c: 27:             {
  1176     030B  120A  158A  26EA  120A  118A  	fcall	_init_config
  1177     0310                     l2490:
  1178                           
  1179                           ;main.c: 30:                 clcd_print("Power = 900W", (0xC0 + 2));;main.c: 31:        
      +                                   _delay((unsigned long)((3000)*(20000000/4000.0)));
  1180     0310  1283               	bcf	3,5	;RP0=0, select bank0
  1181     0311  1303               	bcf	3,6	;RP1=0, select bank0
  1182     0312  01B1               	clrf	main@reset_flag
  1183     0313                     l2492:
  1184                           
  1185                           ;main.c: 34:             };main.c: 35:             else if (key == 2)
  1186     0313  3001               	movlw	1
  1187     0314  120A  158A  26FF  120A  118A  	fcall	_read_matrix_keypad
  1188     0319  1283               	bcf	3,5	;RP0=0, select bank0
  1189     031A  1303               	bcf	3,6	;RP1=0, select bank0
  1190     031B  00B2               	movwf	main@key
  1191     031C                     l2494:
  1192                           
  1193                           ;main.c: 37:                 screen_flag = 0x40;
  1194     031C  3020               	movlw	32
  1195     031D  063E               	xorwf	_screen_flag,w
  1196     031E  1D03               	btfss	3,2
  1197     031F  2B21               	goto	u2401
  1198     0320  2B22               	goto	u2400
  1199     0321                     u2401:
  1200     0321  2B73               	goto	l2528
  1201     0322                     u2400:
  1202     0322                     l2496:
  1203                           
  1204                           ;main.c: 38:                 reset_flag = 0x31;;main.c: 39:                 clear_screen
      +                          ();
  1205     0322  0332               	decf	main@key,w
  1206     0323  1D03               	btfss	3,2
  1207     0324  2B26               	goto	u2411
  1208     0325  2B27               	goto	u2410
  1209     0326                     u2411:
  1210     0326  2B4F               	goto	l2510
  1211     0327                     u2410:
  1212     0327                     l2498:
  1213                           
  1214                           ;main.c: 40:             };main.c: 41:             else if (key == 3)
  1215     0327  3030               	movlw	48
  1216     0328  00BE               	movwf	_screen_flag
  1217     0329                     l2500:
  1218                           
  1219                           ;main.c: 42:             {
  1220     0329  120A  158A  26B3  120A  118A  	fcall	_clear_screen
  1221     032E                     l2502:
  1222                           
  1223                           ;main.c: 43:                 screen_flag = 0x50;
  1224     032E  306C               	movlw	(low ((STR_1-__stringbase)| (0+32768)))& (0+255)
  1225     032F  00F6               	movwf	clcd_print@str
  1226     0330  30C2               	movlw	194
  1227     0331  00F7               	movwf	clcd_print@addr
  1228     0332  120A  158A  2722  120A  118A  	fcall	_clcd_print
  1229     0337                     l2504:
  1230                           
  1231                           ;main.c: 44:                 reset_flag = 0x31;
  1232     0337  304D               	movlw	77
  1233     0338  1283               	bcf	3,5	;RP0=0, select bank0
  1234     0339  1303               	bcf	3,6	;RP1=0, select bank0
  1235     033A  00B0               	movwf	??_main+2
  1236     033B  3019               	movlw	25
  1237     033C  00AF               	movwf	??_main+1
  1238     033D  304F               	movlw	79
  1239     033E  00AE               	movwf	??_main
  1240     033F                     u2527:
  1241     033F  0BAE               	decfsz	??_main,f
  1242     0340  2B3F               	goto	u2527
  1243     0341  0BAF               	decfsz	??_main+1,f
  1244     0342  2B3F               	goto	u2527
  1245     0343  0BB0               	decfsz	??_main+2,f
  1246     0344  2B3F               	goto	u2527
  1247     0345                     l2506:
  1248                           
  1249                           ;main.c: 45:                 clear_screen();
  1250     0345  120A  158A  26B3  120A  118A  	fcall	_clear_screen
  1251     034A                     l2508:
  1252                           
  1253                           ;main.c: 46:             }
  1254     034A  3031               	movlw	49
  1255     034B  1283               	bcf	3,5	;RP0=0, select bank0
  1256     034C  1303               	bcf	3,6	;RP1=0, select bank0
  1257     034D  00B1               	movwf	main@reset_flag
  1258                           
  1259                           ;main.c: 47:             else if (key == 4)
  1260     034E  2BF2               	goto	l2574
  1261     034F                     l2510:
  1262     034F  3002               	movlw	2
  1263     0350  0632               	xorwf	main@key,w
  1264     0351  1D03               	btfss	3,2
  1265     0352  2B54               	goto	u2421
  1266     0353  2B55               	goto	u2420
  1267     0354                     u2421:
  1268     0354  2B5F               	goto	l2516
  1269     0355                     u2420:
  1270     0355                     l2512:
  1271                           
  1272                           ;main.c: 49:                 screen_flag = 0x60;;main.c: 50:                 clear_scree
      +                          n();
  1273     0355  3040               	movlw	64
  1274     0356  00BE               	movwf	_screen_flag
  1275                           
  1276                           ;main.c: 51:             }
  1277     0357  3031               	movlw	49
  1278     0358  00B1               	movwf	main@reset_flag
  1279     0359                     l2514:
  1280                           
  1281                           ;main.c: 52:         }
  1282     0359  120A  158A  26B3  120A  118A  	fcall	_clear_screen
  1283                           
  1284                           ;main.c: 53:         else if(screen_flag == 0x70)
  1285     035E  2BF2               	goto	l2574
  1286     035F                     l2516:
  1287     035F  3003               	movlw	3
  1288     0360  0632               	xorwf	main@key,w
  1289     0361  1D03               	btfss	3,2
  1290     0362  2B64               	goto	u2431
  1291     0363  2B65               	goto	u2430
  1292     0364                     u2431:
  1293     0364  2B6A               	goto	l2522
  1294     0365                     u2430:
  1295     0365                     l2518:
  1296                           
  1297                           ;main.c: 55:             if(key == 4);main.c: 56:             {
  1298     0365  3050               	movlw	80
  1299     0366  00BE               	movwf	_screen_flag
  1300                           
  1301                           ;main.c: 57:              sec = sec + 30;
  1302     0367  3031               	movlw	49
  1303     0368  00B1               	movwf	main@reset_flag
  1304     0369  2B59               	goto	l2514
  1305     036A                     l2522:
  1306     036A  3004               	movlw	4
  1307     036B  0632               	xorwf	main@key,w
  1308     036C  1D03               	btfss	3,2
  1309     036D  2B6F               	goto	u2441
  1310     036E  2B70               	goto	u2440
  1311     036F                     u2441:
  1312     036F  2BF2               	goto	l2574
  1313     0370                     u2440:
  1314     0370                     l2524:
  1315                           
  1316                           ;main.c: 61:                  sec = sec - 60;;main.c: 62:              }
  1317     0370  3060               	movlw	96
  1318     0371  00BE               	movwf	_screen_flag
  1319     0372  2B59               	goto	l2514
  1320     0373                     l2528:
  1321     0373  3070               	movlw	112
  1322     0374  063E               	xorwf	_screen_flag,w
  1323     0375  1D03               	btfss	3,2
  1324     0376  2B78               	goto	u2451
  1325     0377  2B79               	goto	u2450
  1326     0378                     u2451:
  1327     0378  2B9F               	goto	l2544
  1328     0379                     u2450:
  1329     0379                     l2530:
  1330                           
  1331                           ;main.c: 67:             };main.c: 68:             else if(key == 6)
  1332     0379  3004               	movlw	4
  1333     037A  0632               	xorwf	main@key,w
  1334     037B  1D03               	btfss	3,2
  1335     037C  2B7E               	goto	u2461
  1336     037D  2B7F               	goto	u2460
  1337     037E                     u2461:
  1338     037E  2B8D               	goto	l96
  1339     037F                     u2460:
  1340     037F                     l2532:
  1341                           
  1342                           ;main.c: 69:             {;main.c: 70:                 screen_flag = 0x90;
  1343     037F  083D               	movf	_sec,w
  1344     0380  3E1E               	addlw	30
  1345     0381  00BD               	movwf	_sec
  1346     0382                     l2534:
  1347                           
  1348                           ;main.c: 71:             }
  1349     0382  303C               	movlw	60
  1350     0383  023D               	subwf	_sec,w
  1351     0384  1C03               	skipc
  1352     0385  2B87               	goto	u2471
  1353     0386  2B88               	goto	u2470
  1354     0387                     u2471:
  1355     0387  2B8D               	goto	l96
  1356     0388                     u2470:
  1357     0388                     l2536:
  1358                           
  1359                           ;main.c: 72:         };main.c: 73:         else if(screen_flag == 0x80)
  1360     0388  3001               	movlw	1
  1361     0389  07BC               	addwf	_min,f
  1362                           
  1363                           ;main.c: 74:         {
  1364     038A  083D               	movf	_sec,w
  1365     038B  3EC4               	addlw	196
  1366     038C  00BD               	movwf	_sec
  1367     038D                     l96:	
  1368                           ;main.c: 76:             {
  1369                           
  1370                           
  1371                           ;main.c: 77:                 TMR2ON = 1;
  1372     038D  3005               	movlw	5
  1373     038E  0632               	xorwf	main@key,w
  1374     038F  1D03               	btfss	3,2
  1375     0390  2B92               	goto	u2481
  1376     0391  2B93               	goto	u2480
  1377     0392                     u2481:
  1378     0392  2B96               	goto	l2540
  1379     0393                     u2480:
  1380     0393                     l2538:
  1381                           
  1382                           ;main.c: 78:                 RC2 = 1;;main.c: 79:                 screen_flag = 0x70;
  1383     0393  3080               	movlw	128
  1384     0394  00BE               	movwf	_screen_flag
  1385                           
  1386                           ;main.c: 80: 
  1387     0395  2BF2               	goto	l2574
  1388     0396                     l2540:
  1389     0396  3006               	movlw	6
  1390     0397  0632               	xorwf	main@key,w
  1391     0398  1D03               	btfss	3,2
  1392     0399  2B9B               	goto	u2491
  1393     039A  2B9C               	goto	u2490
  1394     039B                     u2491:
  1395     039B  2BF2               	goto	l2574
  1396     039C                     u2490:
  1397     039C                     l2542:
  1398                           
  1399                           ;main.c: 82: ;main.c: 83:         }
  1400     039C  3090               	movlw	144
  1401     039D  00BE               	movwf	_screen_flag
  1402     039E  2BF2               	goto	l2574
  1403     039F                     l2544:
  1404     039F  3080               	movlw	128
  1405     03A0  063E               	xorwf	_screen_flag,w
  1406     03A1  1D03               	btfss	3,2
  1407     03A2  2BA4               	goto	u2501
  1408     03A3  2BA5               	goto	u2500
  1409     03A4                     u2501:
  1410     03A4  2BF2               	goto	l2574
  1411     03A5                     u2500:
  1412     03A5                     l2546:
  1413                           
  1414                           ;main.c: 87:         {;main.c: 88:             case 0x10:
  1415     03A5  3004               	movlw	4
  1416     03A6  0632               	xorwf	main@key,w
  1417     03A7  1D03               	btfss	3,2
  1418     03A8  2BAA               	goto	u2511
  1419     03A9  2BAB               	goto	u2510
  1420     03AA                     u2511:
  1421     03AA  2BF2               	goto	l2574
  1422     03AB                     u2510:
  1423     03AB                     l2548:
  1424                           
  1425                           ;main.c: 89:                 display_power_screen();;main.c: 90:                 clear_s
      +                          creen();
  1426     03AB  1512               	bsf	18,2	;volatile
  1427                           
  1428                           ;main.c: 91:                 screen_flag = 0x20;
  1429     03AC  1507               	bsf	7,2	;volatile
  1430                           
  1431                           ;main.c: 92:                 break;
  1432     03AD  3070               	movlw	112
  1433     03AE  00BE               	movwf	_screen_flag
  1434     03AF  2BF2               	goto	l2574
  1435     03B0                     l2550:
  1436                           
  1437                           ;main.c: 102:             case 0x70 :
  1438     03B0  120A  118A  2697  120A  118A  	fcall	_display_power_screen
  1439     03B5                     l2552:
  1440                           
  1441                           ;main.c: 103:                 display_time();
  1442     03B5  120A  158A  26B3  120A  118A  	fcall	_clear_screen
  1443     03BA                     l2554:
  1444                           
  1445                           ;main.c: 104:                 break;
  1446     03BA  3020               	movlw	32
  1447     03BB  1283               	bcf	3,5	;RP0=0, select bank0
  1448     03BC  1303               	bcf	3,6	;RP1=0, select bank0
  1449     03BD  00BE               	movwf	_screen_flag
  1450                           
  1451                           ;main.c: 105: 
  1452     03BE  2C11               	goto	l106
  1453     03BF                     l2556:
  1454                           
  1455                           ;main.c: 108:                 break;
  1456     03BF  120A  158A  2747  120A  118A  	fcall	_display_modes
  1457                           
  1458                           ;main.c: 109: 
  1459     03C4  2C11               	goto	l106
  1460     03C5                     l2558:
  1461                           
  1462                           ;main.c: 112:                 break;
  1463     03C5  0831               	movf	main@reset_flag,w
  1464     03C6  00A9               	movwf	set_time@reset_flag
  1465     03C7  0832               	movf	main@key,w
  1466     03C8  120A  118A  21C2  120A  118A  	fcall	_set_time
  1467                           
  1468                           ;main.c: 113: 
  1469     03CD  2C11               	goto	l106
  1470     03CE                     l2560:
  1471                           
  1472                           ;main.c: 116:                 break;
  1473     03CE  120A  118A  24FF  120A  118A  	fcall	_display_time
  1474                           
  1475                           ;main.c: 117: 
  1476     03D3  2C11               	goto	l106
  1477     03D4                     l2562:
  1478                           
  1479                           ;main.c: 120:             case 0x80:
  1480     03D4  0831               	movf	main@reset_flag,w
  1481     03D5  00A9               	movwf	set_time@reset_flag
  1482     03D6  0832               	movf	main@key,w
  1483     03D7  120A  118A  21C2  120A  118A  	fcall	_set_time
  1484                           
  1485                           ;main.c: 121:                 TMR2ON = 0;
  1486     03DC  2C11               	goto	l106
  1487     03DD                     l2564:
  1488                           
  1489                           ;main.c: 124: 
  1490     03DD  0831               	movf	main@reset_flag,w
  1491     03DE  00A9               	movwf	set_temp@reset_flag
  1492     03DF  0832               	movf	main@key,w
  1493     03E0  120A  118A  202C  120A  118A  	fcall	_set_temp
  1494                           
  1495                           ;main.c: 125:             case 0x90:
  1496     03E5  2C11               	goto	l106
  1497     03E6                     l2566:
  1498                           
  1499                           ;main.c: 128:                 clear_screen();
  1500     03E6  120A  158A  268E  120A  118A  	fcall	_heat_food
  1501                           
  1502                           ;main.c: 129:                 screen_flag = 0x20;
  1503     03EB  2C11               	goto	l106
  1504     03EC                     l113:
  1505     03EC  1112               	bcf	18,2	;volatile
  1506     03ED  1107               	bcf	7,2	;volatile
  1507     03EE  2C11               	goto	l106
  1508     03EF                     l114:
  1509     03EF  1112               	bcf	18,2	;volatile
  1510     03F0  1107               	bcf	7,2	;volatile
  1511     03F1  2BB5               	goto	l2552
  1512     03F2                     l2574:
  1513     03F2  1283               	bcf	3,5	;RP0=0, select bank0
  1514     03F3  1303               	bcf	3,6	;RP1=0, select bank0
  1515     03F4  083E               	movf	_screen_flag,w
  1516                           
  1517                           ; Switch size 1, requested type "simple"
  1518                           ; Number of cases is 9, Range of values is 16 to 144
  1519                           ; switch strategies available:
  1520                           ; Name         Instructions Cycles
  1521                           ; simple_byte           28    15 (average)
  1522                           ; jumptable            263     9 (fixed)
  1523                           ;	Chosen strategy is simple_byte
  1524     03F5  3A10               	xorlw	16	; case 16
  1525     03F6  1903               	skipnz
  1526     03F7  2BB0               	goto	l2550
  1527     03F8  3A30               	xorlw	48	; case 32
  1528     03F9  1903               	skipnz
  1529     03FA  2BBF               	goto	l2556
  1530     03FB  3A10               	xorlw	16	; case 48
  1531     03FC  1903               	skipnz
  1532     03FD  2BC5               	goto	l2558
  1533     03FE  3A70               	xorlw	112	; case 64
  1534     03FF  1903               	skipnz
  1535     0400  2BD4               	goto	l2562
  1536     0401  3A10               	xorlw	16	; case 80
  1537     0402  1903               	skipnz
  1538     0403  2BDD               	goto	l2564
  1539     0404  3A30               	xorlw	48	; case 96
  1540     0405  1903               	skipnz
  1541     0406  2BE6               	goto	l2566
  1542     0407  3A10               	xorlw	16	; case 112
  1543     0408  1903               	skipnz
  1544     0409  2BCE               	goto	l2560
  1545     040A  3AF0               	xorlw	240	; case 128
  1546     040B  1903               	skipnz
  1547     040C  2BEC               	goto	l113
  1548     040D  3A10               	xorlw	16	; case 144
  1549     040E  1903               	skipnz
  1550     040F  2BEF               	goto	l114
  1551     0410  2C11               	goto	l106
  1552     0411                     l106:
  1553                           
  1554                           ;main.c: 153:         reset_flag = 0xFF;
  1555     0411  30FF               	movlw	255
  1556     0412  1283               	bcf	3,5	;RP0=0, select bank0
  1557     0413  1303               	bcf	3,6	;RP1=0, select bank0
  1558     0414  00B1               	movwf	main@reset_flag
  1559     0415  2B13               	goto	l2492
  1560     0416  120A  118A  280C   	ljmp	start
  1561     0419                     __end_of_main:
  1562                           
  1563                           	psect	text1
  1564     01C2                     __ptext1:	
  1565 ;; *************** function _set_time *****************
  1566 ;; Defined at:
  1567 ;;		line 44 in file "micro_oven.c"
  1568 ;; Parameters:    Size  Location     Type
  1569 ;;  key             1    wreg     unsigned char 
  1570 ;;  reset_flag      1    9[BANK0 ] unsigned char 
  1571 ;; Auto vars:     Size  Location     Type
  1572 ;;  key             1   12[BANK0 ] unsigned char 
  1573 ;; Return value:  Size  Location     Type
  1574 ;;                  1    wreg      void 
  1575 ;; Registers used:
  1576 ;;		wreg, fsr0l, fsr0h, status,2, status,0, pclath, cstack
  1577 ;; Tracked objects:
  1578 ;;		On entry : 0/0
  1579 ;;		On exit  : 0/0
  1580 ;;		Unchanged: 0/0
  1581 ;; Data sizes:     COMMON   BANK0   BANK1   BANK3   BANK2
  1582 ;;      Params:         0       1       0       0       0
  1583 ;;      Locals:         0       1       0       0       0
  1584 ;;      Temps:          0       2       0       0       0
  1585 ;;      Totals:         0       4       0       0       0
  1586 ;;Total ram usage:        4 bytes
  1587 ;; Hardware stack levels used: 1
  1588 ;; Hardware stack levels required when called: 2
  1589 ;; This function calls:
  1590 ;;		___awdiv
  1591 ;;		___awmod
  1592 ;;		___bmul
  1593 ;;		_clcd_print
  1594 ;;		_clcd_putch
  1595 ;;		_clear_screen
  1596 ;; This function is called by:
  1597 ;;		_main
  1598 ;; This function uses a non-reentrant model
  1599 ;;
  1600                           
  1601     01C2                     _set_time:	
  1602                           ;psect for function _set_time
  1603                           
  1604                           
  1605                           ;incstack = 0
  1606                           ; Regs used in _set_time: [wreg-fsr0h+status,2+status,0+pclath+cstack]
  1607                           ;set_time@key stored from wreg
  1608     01C2  1283               	bcf	3,5	;RP0=0, select bank0
  1609     01C3  1303               	bcf	3,6	;RP1=0, select bank0
  1610     01C4  00AC               	movwf	set_time@key
  1611     01C5                     l2316:
  1612                           
  1613                           ;micro_oven.c: 44: void set_time(unsigned char key, unsigned char reset_flag);micro_oven
      +                          .c: 45: {;micro_oven.c: 46:     static unsigned char blink_pos = 0;;micro_oven.c: 47:   
      +                            static unsigned char key_count = 0;;micro_oven.c: 48:     static unsigned char delay, 
      +                          display_blank;;micro_oven.c: 49:     if(reset_flag == 0x31 )
  1614     01C5  3031               	movlw	49
  1615     01C6  0629               	xorwf	set_time@reset_flag,w
  1616     01C7  1D03               	btfss	3,2
  1617     01C8  29CA               	goto	u2101
  1618     01C9  29CB               	goto	u2100
  1619     01CA                     u2101:
  1620     01CA  29D0               	goto	l2320
  1621     01CB                     u2100:
  1622     01CB                     l2318:
  1623                           
  1624                           ;micro_oven.c: 50:     {;micro_oven.c: 51:         sec = 0;
  1625     01CB  01BD               	clrf	_sec
  1626                           
  1627                           ;micro_oven.c: 52:         min = 0;
  1628     01CC  01BC               	clrf	_min
  1629                           
  1630                           ;micro_oven.c: 53:         key = 0;
  1631     01CD  01AC               	clrf	set_time@key
  1632                           
  1633                           ;micro_oven.c: 54:         key_count = 0;
  1634     01CE  01B8               	clrf	set_time@key_count
  1635                           
  1636                           ;micro_oven.c: 55:         blink_pos = 0;
  1637     01CF  01B9               	clrf	set_time@blink_pos
  1638     01D0                     l2320:
  1639                           
  1640                           ;micro_oven.c: 57:     clcd_print("SET TIME (MM:SS)", (0x80 + 0));
  1641     01D0  3001               	movlw	(low ((STR_8-__stringbase)| (0+32768)))& (0+255)
  1642     01D1  00F6               	movwf	clcd_print@str
  1643     01D2  3080               	movlw	128
  1644     01D3  00F7               	movwf	clcd_print@addr
  1645     01D4  120A  158A  2722  120A  118A  	fcall	_clcd_print
  1646     01D9                     l2322:
  1647                           
  1648                           ;micro_oven.c: 58:     clcd_print("TIME:", (0xC0 + 0));
  1649     01D9  30D5               	movlw	(low ((STR_9-__stringbase)| (0+32768)))& (0+255)
  1650     01DA  00F6               	movwf	clcd_print@str
  1651     01DB  30C0               	movlw	192
  1652     01DC  00F7               	movwf	clcd_print@addr
  1653     01DD  120A  158A  2722  120A  118A  	fcall	_clcd_print
  1654     01E2                     l2324:
  1655                           
  1656                           ;micro_oven.c: 59:     clcd_putch(':', (0xC0 + 7));
  1657     01E2  30C7               	movlw	199
  1658     01E3  1283               	bcf	3,5	;RP0=0, select bank0
  1659     01E4  1303               	bcf	3,6	;RP1=0, select bank0
  1660     01E5  00A8               	movwf	clcd_putch@addr
  1661     01E6  303A               	movlw	58
  1662     01E7  120A  158A  26C4  120A  118A  	fcall	_clcd_putch
  1663     01EC                     l2326:
  1664                           
  1665                           ;micro_oven.c: 62:     clcd_print("*:CLEAR #:ENTER", (0xD0 + 0));
  1666     01EC  3012               	movlw	(low ((STR_10-__stringbase)| (0+32768)))& (0+255)
  1667     01ED  00F6               	movwf	clcd_print@str
  1668     01EE  30D0               	movlw	208
  1669     01EF  00F7               	movwf	clcd_print@addr
  1670     01F0  120A  158A  2722  120A  118A  	fcall	_clcd_print
  1671     01F5                     l2328:
  1672                           
  1673                           ;micro_oven.c: 64:     if (key != '*' && key != '#' && key != 0xFF )
  1674     01F5  302A               	movlw	42
  1675     01F6  1283               	bcf	3,5	;RP0=0, select bank0
  1676     01F7  1303               	bcf	3,6	;RP1=0, select bank0
  1677     01F8  062C               	xorwf	set_time@key,w
  1678     01F9  1903               	btfsc	3,2
  1679     01FA  29FC               	goto	u2111
  1680     01FB  29FD               	goto	u2110
  1681     01FC                     u2111:
  1682     01FC  2A33               	goto	l2348
  1683     01FD                     u2110:
  1684     01FD                     l2330:
  1685     01FD  3023               	movlw	35
  1686     01FE  062C               	xorwf	set_time@key,w
  1687     01FF  1903               	btfsc	3,2
  1688     0200  2A02               	goto	u2121
  1689     0201  2A03               	goto	u2120
  1690     0202                     u2121:
  1691     0202  2A33               	goto	l2348
  1692     0203                     u2120:
  1693     0203                     l2332:
  1694     0203  0A2C               	incf	set_time@key,w
  1695     0204  1903               	btfsc	3,2
  1696     0205  2A07               	goto	u2131
  1697     0206  2A08               	goto	u2130
  1698     0207                     u2131:
  1699     0207  2A33               	goto	l2348
  1700     0208                     u2130:
  1701     0208                     l2334:
  1702                           
  1703                           ;micro_oven.c: 65:     {;micro_oven.c: 66:         key_count++;
  1704     0208  3001               	movlw	1
  1705     0209  07B8               	addwf	set_time@key_count,f
  1706     020A                     l2336:
  1707                           
  1708                           ;micro_oven.c: 67:         if(key_count <= 3)
  1709     020A  3004               	movlw	4
  1710     020B  0238               	subwf	set_time@key_count,w
  1711     020C  1803               	skipnc
  1712     020D  2A0F               	goto	u2141
  1713     020E  2A10               	goto	u2140
  1714     020F                     u2141:
  1715     020F  2A1E               	goto	l2342
  1716     0210                     u2140:
  1717     0210                     l2338:
  1718                           
  1719                           ;micro_oven.c: 68:         {;micro_oven.c: 69:            sec = sec * 10 + key;
  1720     0210  300A               	movlw	10
  1721     0211  00F2               	movwf	___bmul@multiplicand
  1722     0212  083D               	movf	_sec,w
  1723     0213  120A  158A  26D7  120A  118A  	fcall	___bmul
  1724     0218  1283               	bcf	3,5	;RP0=0, select bank0
  1725     0219  1303               	bcf	3,6	;RP1=0, select bank0
  1726     021A  072C               	addwf	set_time@key,w
  1727     021B  00BD               	movwf	_sec
  1728     021C                     l2340:
  1729                           
  1730                           ;micro_oven.c: 70:            blink_pos = 0;
  1731     021C  01B9               	clrf	set_time@blink_pos
  1732                           
  1733                           ;micro_oven.c: 71:         }
  1734     021D  2A5B               	goto	l2370
  1735     021E                     l2342:
  1736     021E  3006               	movlw	6
  1737     021F  0238               	subwf	set_time@key_count,w
  1738     0220  1803               	skipnc
  1739     0221  2A23               	goto	u2151
  1740     0222  2A24               	goto	u2150
  1741     0223                     u2151:
  1742     0223  2A5B               	goto	l2370
  1743     0224                     u2150:
  1744     0224                     l2344:
  1745                           
  1746                           ;micro_oven.c: 73:         {;micro_oven.c: 74:             min = min * 10 + key;
  1747     0224  300A               	movlw	10
  1748     0225  00F2               	movwf	___bmul@multiplicand
  1749     0226  083C               	movf	_min,w
  1750     0227  120A  158A  26D7  120A  118A  	fcall	___bmul
  1751     022C  1283               	bcf	3,5	;RP0=0, select bank0
  1752     022D  1303               	bcf	3,6	;RP1=0, select bank0
  1753     022E  072C               	addwf	set_time@key,w
  1754     022F  00BC               	movwf	_min
  1755     0230                     l2346:
  1756                           
  1757                           ;micro_oven.c: 75:             blink_pos =1;
  1758     0230  3001               	movlw	1
  1759     0231  00B9               	movwf	set_time@blink_pos
  1760     0232  2A5B               	goto	l2370
  1761     0233                     l2348:
  1762     0233  302A               	movlw	42
  1763     0234  062C               	xorwf	set_time@key,w
  1764     0235  1D03               	btfss	3,2
  1765     0236  2A38               	goto	u2161
  1766     0237  2A39               	goto	u2160
  1767     0238                     u2161:
  1768     0238  2A4A               	goto	l2360
  1769     0239                     u2160:
  1770     0239                     l2350:
  1771                           
  1772                           ;micro_oven.c: 80:     {;micro_oven.c: 81:         if(blink_pos ==0)
  1773     0239  0839               	movf	set_time@blink_pos,w
  1774     023A  1D03               	btfss	3,2
  1775     023B  2A3D               	goto	u2171
  1776     023C  2A3E               	goto	u2170
  1777     023D                     u2171:
  1778     023D  2A41               	goto	l2354
  1779     023E                     u2170:
  1780     023E                     l2352:
  1781                           
  1782                           ;micro_oven.c: 82:         {;micro_oven.c: 83:             sec = 0;
  1783     023E  01BD               	clrf	_sec
  1784                           
  1785                           ;micro_oven.c: 84:             key_count = 0;
  1786     023F  01B8               	clrf	set_time@key_count
  1787                           
  1788                           ;micro_oven.c: 85:         }
  1789     0240  2A5B               	goto	l2370
  1790     0241                     l2354:
  1791     0241  0339               	decf	set_time@blink_pos,w
  1792     0242  1D03               	btfss	3,2
  1793     0243  2A45               	goto	u2181
  1794     0244  2A46               	goto	u2180
  1795     0245                     u2181:
  1796     0245  2A5B               	goto	l2370
  1797     0246                     u2180:
  1798     0246                     l2356:
  1799                           
  1800                           ;micro_oven.c: 87:         {;micro_oven.c: 88:             min = 0;
  1801     0246  01BC               	clrf	_min
  1802     0247                     l2358:
  1803                           
  1804                           ;micro_oven.c: 89:             key_count = 2;
  1805     0247  3002               	movlw	2
  1806     0248  00B8               	movwf	set_time@key_count
  1807     0249  2A5B               	goto	l2370
  1808     024A                     l2360:
  1809     024A  3023               	movlw	35
  1810     024B  062C               	xorwf	set_time@key,w
  1811     024C  1D03               	btfss	3,2
  1812     024D  2A4F               	goto	u2191
  1813     024E  2A50               	goto	u2190
  1814     024F                     u2191:
  1815     024F  2A5B               	goto	l2370
  1816     0250                     u2190:
  1817     0250                     l2362:
  1818                           
  1819                           ;micro_oven.c: 93:     {;micro_oven.c: 94:         clear_screen();
  1820     0250  120A  158A  26B3  120A  118A  	fcall	_clear_screen
  1821     0255                     l2364:
  1822                           
  1823                           ;micro_oven.c: 95:         RC2 = 1;
  1824     0255  1283               	bcf	3,5	;RP0=0, select bank0
  1825     0256  1303               	bcf	3,6	;RP1=0, select bank0
  1826     0257  1507               	bsf	7,2	;volatile
  1827     0258                     l2366:
  1828                           
  1829                           ;micro_oven.c: 96:         TMR2ON = 1;
  1830     0258  1512               	bsf	18,2	;volatile
  1831     0259                     l2368:
  1832                           
  1833                           ;micro_oven.c: 97:         screen_flag = 0x70;
  1834     0259  3070               	movlw	112
  1835     025A  00BE               	movwf	_screen_flag
  1836     025B                     l2370:
  1837                           
  1838                           ;micro_oven.c: 103:     if(delay++ == 10)
  1839     025B  3001               	movlw	1
  1840     025C  07B7               	addwf	set_time@delay,f
  1841     025D  300B               	movlw	11
  1842     025E  0637               	xorwf	set_time@delay,w
  1843     025F  1D03               	btfss	3,2
  1844     0260  2A62               	goto	u2201
  1845     0261  2A63               	goto	u2200
  1846     0262                     u2201:
  1847     0262  2A6C               	goto	l2376
  1848     0263                     u2200:
  1849     0263                     l2372:
  1850                           
  1851                           ;micro_oven.c: 104:     {;micro_oven.c: 105:         delay = 0;
  1852     0263  01B7               	clrf	set_time@delay
  1853     0264                     l2374:
  1854                           
  1855                           ;micro_oven.c: 106:         display_blank = !display_blank;
  1856     0264  0836               	movf	set_time@display_blank,w
  1857     0265  1903               	btfsc	3,2
  1858     0266  2A68               	goto	u2211
  1859     0267  2A6A               	goto	u2210
  1860     0268                     u2211:
  1861     0268  3001               	movlw	1
  1862     0269  2A6B               	goto	u2220
  1863     026A                     u2210:
  1864     026A  3000               	movlw	0
  1865     026B                     u2220:
  1866     026B  00B6               	movwf	set_time@display_blank
  1867     026C                     l2376:
  1868                           
  1869                           ;micro_oven.c: 109:     if(display_blank)
  1870     026C  0836               	movf	set_time@display_blank,w
  1871     026D  1903               	btfsc	3,2
  1872     026E  2A70               	goto	u2231
  1873     026F  2A71               	goto	u2230
  1874     0270                     u2231:
  1875     0270  2A9C               	goto	l2384
  1876     0271                     u2230:
  1877     0271                     l2378:
  1878                           
  1879                           ;micro_oven.c: 110:     {;micro_oven.c: 111:         if( blink_pos == 0)
  1880     0271  0839               	movf	set_time@blink_pos,w
  1881     0272  1D03               	btfss	3,2
  1882     0273  2A75               	goto	u2241
  1883     0274  2A76               	goto	u2240
  1884     0275                     u2241:
  1885     0275  2A89               	goto	l2382
  1886     0276                     u2240:
  1887     0276                     l2380:
  1888                           
  1889                           ;micro_oven.c: 112:         {;micro_oven.c: 113:             clcd_putch(' ', (0xC0 + 8))
      +                          ;
  1890     0276  30C8               	movlw	200
  1891     0277  00A8               	movwf	clcd_putch@addr
  1892     0278  3020               	movlw	32
  1893     0279  120A  158A  26C4  120A  118A  	fcall	_clcd_putch
  1894                           
  1895                           ;micro_oven.c: 114:             clcd_putch(' ', (0xC0 + 9));
  1896     027E  30C9               	movlw	201
  1897     027F  1283               	bcf	3,5	;RP0=0, select bank0
  1898     0280  1303               	bcf	3,6	;RP1=0, select bank0
  1899     0281  00A8               	movwf	clcd_putch@addr
  1900     0282  3020               	movlw	32
  1901     0283  120A  158A  26C4  120A  118A  	fcall	_clcd_putch
  1902                           
  1903                           ;micro_oven.c: 115:         }
  1904     0288  2B0A               	goto	l251
  1905     0289                     l2382:
  1906                           
  1907                           ;micro_oven.c: 117:         {;micro_oven.c: 118:             clcd_putch(' ', (0xC0 + 5))
      +                          ;
  1908     0289  30C5               	movlw	197
  1909     028A  00A8               	movwf	clcd_putch@addr
  1910     028B  3020               	movlw	32
  1911     028C  120A  158A  26C4  120A  118A  	fcall	_clcd_putch
  1912                           
  1913                           ;micro_oven.c: 119:             clcd_putch(' ', (0xC0 + 6));
  1914     0291  30C6               	movlw	198
  1915     0292  1283               	bcf	3,5	;RP0=0, select bank0
  1916     0293  1303               	bcf	3,6	;RP1=0, select bank0
  1917     0294  00A8               	movwf	clcd_putch@addr
  1918     0295  3020               	movlw	32
  1919     0296  120A  158A  26C4  120A  118A  	fcall	_clcd_putch
  1920     029B  2B0A               	goto	l251
  1921     029C                     l2384:
  1922                           
  1923                           ;micro_oven.c: 123:     {;micro_oven.c: 124:         clcd_putch( sec / 10 + '0', (0xC0 +
      +                           8));
  1924     029C  30C8               	movlw	200
  1925     029D  00A8               	movwf	clcd_putch@addr
  1926     029E  300A               	movlw	10
  1927     029F  00F2               	movwf	___awdiv@divisor
  1928     02A0  3000               	movlw	0
  1929     02A1  00F3               	movwf	___awdiv@divisor+1
  1930     02A2  083D               	movf	_sec,w
  1931     02A3  00AA               	movwf	??_set_time
  1932     02A4  01AB               	clrf	??_set_time+1
  1933     02A5  082A               	movf	??_set_time,w
  1934     02A6  00F4               	movwf	___awdiv@dividend
  1935     02A7  082B               	movf	??_set_time+1,w
  1936     02A8  00F5               	movwf	___awdiv@dividend+1
  1937     02A9  120A  118A  2701  120A  118A  	fcall	___awdiv
  1938     02AE  0872               	movf	?___awdiv,w
  1939     02AF  3E30               	addlw	48
  1940     02B0  120A  158A  26C4  120A  118A  	fcall	_clcd_putch
  1941                           
  1942                           ;micro_oven.c: 125:         clcd_putch( sec % 10 + '0', (0xC0 + 9));
  1943     02B5  30C9               	movlw	201
  1944     02B6  1283               	bcf	3,5	;RP0=0, select bank0
  1945     02B7  1303               	bcf	3,6	;RP1=0, select bank0
  1946     02B8  00A8               	movwf	clcd_putch@addr
  1947     02B9  300A               	movlw	10
  1948     02BA  00A4               	movwf	___awmod@divisor
  1949     02BB  3000               	movlw	0
  1950     02BC  00A5               	movwf	___awmod@divisor+1
  1951     02BD  083D               	movf	_sec,w
  1952     02BE  00AA               	movwf	??_set_time
  1953     02BF  01AB               	clrf	??_set_time+1
  1954     02C0  082A               	movf	??_set_time,w
  1955     02C1  00A6               	movwf	___awmod@dividend
  1956     02C2  082B               	movf	??_set_time+1,w
  1957     02C3  00A7               	movwf	___awmod@dividend+1
  1958     02C4  120A  158A  27A7  120A  118A  	fcall	___awmod
  1959     02C9  1283               	bcf	3,5	;RP0=0, select bank0
  1960     02CA  1303               	bcf	3,6	;RP1=0, select bank0
  1961     02CB  0824               	movf	?___awmod,w
  1962     02CC  3E30               	addlw	48
  1963     02CD  120A  158A  26C4  120A  118A  	fcall	_clcd_putch
  1964                           
  1965                           ;micro_oven.c: 127:         clcd_putch( min / 10 + '0', (0xC0 + 5));
  1966     02D2  30C5               	movlw	197
  1967     02D3  1283               	bcf	3,5	;RP0=0, select bank0
  1968     02D4  1303               	bcf	3,6	;RP1=0, select bank0
  1969     02D5  00A8               	movwf	clcd_putch@addr
  1970     02D6  300A               	movlw	10
  1971     02D7  00F2               	movwf	___awdiv@divisor
  1972     02D8  3000               	movlw	0
  1973     02D9  00F3               	movwf	___awdiv@divisor+1
  1974     02DA  083C               	movf	_min,w
  1975     02DB  00AA               	movwf	??_set_time
  1976     02DC  01AB               	clrf	??_set_time+1
  1977     02DD  082A               	movf	??_set_time,w
  1978     02DE  00F4               	movwf	___awdiv@dividend
  1979     02DF  082B               	movf	??_set_time+1,w
  1980     02E0  00F5               	movwf	___awdiv@dividend+1
  1981     02E1  120A  118A  2701  120A  118A  	fcall	___awdiv
  1982     02E6  0872               	movf	?___awdiv,w
  1983     02E7  3E30               	addlw	48
  1984     02E8  120A  158A  26C4  120A  118A  	fcall	_clcd_putch
  1985                           
  1986                           ;micro_oven.c: 128:         clcd_putch( min % 10 + '0', (0xC0 + 6));
  1987     02ED  30C6               	movlw	198
  1988     02EE  1283               	bcf	3,5	;RP0=0, select bank0
  1989     02EF  1303               	bcf	3,6	;RP1=0, select bank0
  1990     02F0  00A8               	movwf	clcd_putch@addr
  1991     02F1  300A               	movlw	10
  1992     02F2  00A4               	movwf	___awmod@divisor
  1993     02F3  3000               	movlw	0
  1994     02F4  00A5               	movwf	___awmod@divisor+1
  1995     02F5  083C               	movf	_min,w
  1996     02F6  00AA               	movwf	??_set_time
  1997     02F7  01AB               	clrf	??_set_time+1
  1998     02F8  082A               	movf	??_set_time,w
  1999     02F9  00A6               	movwf	___awmod@dividend
  2000     02FA  082B               	movf	??_set_time+1,w
  2001     02FB  00A7               	movwf	___awmod@dividend+1
  2002     02FC  120A  158A  27A7  120A  118A  	fcall	___awmod
  2003     0301  1283               	bcf	3,5	;RP0=0, select bank0
  2004     0302  1303               	bcf	3,6	;RP1=0, select bank0
  2005     0303  0824               	movf	?___awmod,w
  2006     0304  3E30               	addlw	48
  2007     0305  120A  158A  26C4  120A  118A  	fcall	_clcd_putch
  2008     030A                     l251:
  2009     030A  0008               	return
  2010     030B                     __end_of_set_time:
  2011                           
  2012                           	psect	text2
  2013     002C                     __ptext2:	
  2014 ;; *************** function _set_temp *****************
  2015 ;; Defined at:
  2016 ;;		line 133 in file "micro_oven.c"
  2017 ;; Parameters:    Size  Location     Type
  2018 ;;  key             1    wreg     unsigned char 
  2019 ;;  reset_flag      1    9[BANK0 ] unsigned char 
  2020 ;; Auto vars:     Size  Location     Type
  2021 ;;  key             1   12[BANK0 ] unsigned char 
  2022 ;; Return value:  Size  Location     Type
  2023 ;;                  1    wreg      void 
  2024 ;; Registers used:
  2025 ;;		wreg, fsr0l, fsr0h, status,2, status,0, pclath, cstack
  2026 ;; Tracked objects:
  2027 ;;		On entry : 0/0
  2028 ;;		On exit  : 0/0
  2029 ;;		Unchanged: 0/0
  2030 ;; Data sizes:     COMMON   BANK0   BANK1   BANK3   BANK2
  2031 ;;      Params:         0       1       0       0       0
  2032 ;;      Locals:         0       1       0       0       0
  2033 ;;      Temps:          0       2       0       0       0
  2034 ;;      Totals:         0       4       0       0       0
  2035 ;;Total ram usage:        4 bytes
  2036 ;; Hardware stack levels used: 1
  2037 ;; Hardware stack levels required when called: 2
  2038 ;; This function calls:
  2039 ;;		___awdiv
  2040 ;;		___awmod
  2041 ;;		___bmul
  2042 ;;		_clcd_print
  2043 ;;		_clcd_putch
  2044 ;;		_clear_screen
  2045 ;; This function is called by:
  2046 ;;		_main
  2047 ;; This function uses a non-reentrant model
  2048 ;;
  2049                           
  2050     002C                     _set_temp:	
  2051                           ;psect for function _set_temp
  2052                           
  2053                           
  2054                           ;incstack = 0
  2055                           ; Regs used in _set_temp: [wreg-fsr0h+status,2+status,0+pclath+cstack]
  2056                           ;set_temp@key stored from wreg
  2057     002C  1283               	bcf	3,5	;RP0=0, select bank0
  2058     002D  1303               	bcf	3,6	;RP1=0, select bank0
  2059     002E  00AC               	movwf	set_temp@key
  2060     002F                     l2424:
  2061                           
  2062                           ;micro_oven.c: 133: void set_temp(unsigned char key ,unsigned char reset_flag);micro_ove
      +                          n.c: 134: {;micro_oven.c: 135:     static unsigned char key_count = 0;;micro_oven.c: 136
      +                          :     static unsigned char delay, display_blank;;micro_oven.c: 137:     if(reset_flag ==
      +                           0x31 )
  2063     002F  3031               	movlw	49
  2064     0030  0629               	xorwf	set_temp@reset_flag,w
  2065     0031  1D03               	btfss	3,2
  2066     0032  2834               	goto	u2271
  2067     0033  2835               	goto	u2270
  2068     0034                     u2271:
  2069     0034  2838               	goto	l2428
  2070     0035                     u2270:
  2071     0035                     l2426:
  2072                           
  2073                           ;micro_oven.c: 138:     {;micro_oven.c: 139:         temp = 0;
  2074     0035  01BB               	clrf	_temp
  2075                           
  2076                           ;micro_oven.c: 140:         key = 0;
  2077     0036  01AC               	clrf	set_temp@key
  2078                           
  2079                           ;micro_oven.c: 141:         key_count = 0;
  2080     0037  01B5               	clrf	set_temp@key_count
  2081     0038                     l2428:
  2082                           
  2083                           ;micro_oven.c: 144:      if(delay++ == 5)
  2084     0038  3001               	movlw	1
  2085     0039  07B4               	addwf	set_temp@delay,f
  2086     003A  3006               	movlw	6
  2087     003B  0634               	xorwf	set_temp@delay,w
  2088     003C  1D03               	btfss	3,2
  2089     003D  283F               	goto	u2281
  2090     003E  2840               	goto	u2280
  2091     003F                     u2281:
  2092     003F  2849               	goto	l2434
  2093     0040                     u2280:
  2094     0040                     l2430:
  2095                           
  2096                           ;micro_oven.c: 145:     {;micro_oven.c: 146:         delay = 0;
  2097     0040  01B4               	clrf	set_temp@delay
  2098     0041                     l2432:
  2099                           
  2100                           ;micro_oven.c: 147:         display_blank = !display_blank;
  2101     0041  0833               	movf	set_temp@display_blank,w
  2102     0042  1903               	btfsc	3,2
  2103     0043  2845               	goto	u2291
  2104     0044  2847               	goto	u2290
  2105     0045                     u2291:
  2106     0045  3001               	movlw	1
  2107     0046  2848               	goto	u2300
  2108     0047                     u2290:
  2109     0047  3000               	movlw	0
  2110     0048                     u2300:
  2111     0048  00B3               	movwf	set_temp@display_blank
  2112     0049                     l2434:
  2113                           
  2114                           ;micro_oven.c: 150:     clcd_print("SET Temp (<*C>", (0x80 + 0));
  2115     0049  3032               	movlw	(low ((STR_11-__stringbase)| (0+32768)))& (0+255)
  2116     004A  00F6               	movwf	clcd_print@str
  2117     004B  3080               	movlw	128
  2118     004C  00F7               	movwf	clcd_print@addr
  2119     004D  120A  158A  2722  120A  118A  	fcall	_clcd_print
  2120     0052                     l2436:
  2121                           
  2122                           ;micro_oven.c: 151:     clcd_print("Temp=", (0xC0 + 0));
  2123     0052  30DB               	movlw	(low ((STR_12-__stringbase)| (0+32768)))& (0+255)
  2124     0053  00F6               	movwf	clcd_print@str
  2125     0054  30C0               	movlw	192
  2126     0055  00F7               	movwf	clcd_print@addr
  2127     0056  120A  158A  2722  120A  118A  	fcall	_clcd_print
  2128     005B                     l2438:
  2129                           
  2130                           ;micro_oven.c: 152:     clcd_print("*:CLEAR #:ENTER", (0xD0 + 0));
  2131     005B  3012               	movlw	(low ((STR_10-__stringbase)| (0+32768)))& (0+255)
  2132     005C  00F6               	movwf	clcd_print@str
  2133     005D  30D0               	movlw	208
  2134     005E  00F7               	movwf	clcd_print@addr
  2135     005F  120A  158A  2722  120A  118A  	fcall	_clcd_print
  2136     0064                     l2440:
  2137                           
  2138                           ;micro_oven.c: 155:     if (key != '*' && key != '#' && key != 0xFF )
  2139     0064  302A               	movlw	42
  2140     0065  1283               	bcf	3,5	;RP0=0, select bank0
  2141     0066  1303               	bcf	3,6	;RP1=0, select bank0
  2142     0067  062C               	xorwf	set_temp@key,w
  2143     0068  1903               	btfsc	3,2
  2144     0069  286B               	goto	u2311
  2145     006A  286C               	goto	u2310
  2146     006B                     u2311:
  2147     006B  288C               	goto	l2452
  2148     006C                     u2310:
  2149     006C                     l2442:
  2150     006C  3023               	movlw	35
  2151     006D  062C               	xorwf	set_temp@key,w
  2152     006E  1903               	btfsc	3,2
  2153     006F  2871               	goto	u2321
  2154     0070  2872               	goto	u2320
  2155     0071                     u2321:
  2156     0071  288C               	goto	l2452
  2157     0072                     u2320:
  2158     0072                     l2444:
  2159     0072  0A2C               	incf	set_temp@key,w
  2160     0073  1903               	btfsc	3,2
  2161     0074  2876               	goto	u2331
  2162     0075  2877               	goto	u2330
  2163     0076                     u2331:
  2164     0076  288C               	goto	l2452
  2165     0077                     u2330:
  2166     0077                     l2446:
  2167                           
  2168                           ;micro_oven.c: 156:     {;micro_oven.c: 157:         key_count++;
  2169     0077  3001               	movlw	1
  2170     0078  07B5               	addwf	set_temp@key_count,f
  2171     0079                     l2448:
  2172                           
  2173                           ;micro_oven.c: 158:         if(key_count <= 4)
  2174     0079  3005               	movlw	5
  2175     007A  0235               	subwf	set_temp@key_count,w
  2176     007B  1803               	skipnc
  2177     007C  287E               	goto	u2341
  2178     007D  287F               	goto	u2340
  2179     007E                     u2341:
  2180     007E  293D               	goto	l2482
  2181     007F                     u2340:
  2182     007F                     l2450:
  2183                           
  2184                           ;micro_oven.c: 159:         {;micro_oven.c: 160:            temp = temp * 10 + key;
  2185     007F  300A               	movlw	10
  2186     0080  00F2               	movwf	___bmul@multiplicand
  2187     0081  083B               	movf	_temp,w
  2188     0082  120A  158A  26D7  120A  118A  	fcall	___bmul
  2189     0087  1283               	bcf	3,5	;RP0=0, select bank0
  2190     0088  1303               	bcf	3,6	;RP1=0, select bank0
  2191     0089  072C               	addwf	set_temp@key,w
  2192     008A  00BB               	movwf	_temp
  2193     008B  293D               	goto	l2482
  2194     008C                     l2452:
  2195     008C  302A               	movlw	42
  2196     008D  062C               	xorwf	set_temp@key,w
  2197     008E  1D03               	btfss	3,2
  2198     008F  2891               	goto	u2351
  2199     0090  2892               	goto	u2350
  2200     0091                     u2351:
  2201     0091  2895               	goto	l2456
  2202     0092                     u2350:
  2203     0092                     l2454:
  2204                           
  2205                           ;micro_oven.c: 165:     {;micro_oven.c: 166:         temp = 0;
  2206     0092  01BB               	clrf	_temp
  2207                           
  2208                           ;micro_oven.c: 167:         key_count = 0;
  2209     0093  01B5               	clrf	set_temp@key_count
  2210                           
  2211                           ;micro_oven.c: 168:         }
  2212     0094  293D               	goto	l2482
  2213     0095                     l2456:
  2214     0095  3023               	movlw	35
  2215     0096  062C               	xorwf	set_temp@key,w
  2216     0097  1D03               	btfss	3,2
  2217     0098  289A               	goto	u2361
  2218     0099  289B               	goto	u2360
  2219     009A                     u2361:
  2220     009A  293D               	goto	l2482
  2221     009B                     u2360:
  2222     009B                     l2458:
  2223                           
  2224                           ;micro_oven.c: 170:     {;micro_oven.c: 171:         if(temp > 180)
  2225     009B  30B5               	movlw	181
  2226     009C  023B               	subwf	_temp,w
  2227     009D  1C03               	skipc
  2228     009E  28A0               	goto	u2371
  2229     009F  28A1               	goto	u2370
  2230     00A0                     u2371:
  2231     00A0  28A3               	goto	l2462
  2232     00A1                     u2370:
  2233     00A1                     l2460:
  2234                           
  2235                           ;micro_oven.c: 172:         {;micro_oven.c: 173:           temp = 180;
  2236     00A1  30B4               	movlw	180
  2237     00A2  00BB               	movwf	_temp
  2238     00A3                     l2462:
  2239                           
  2240                           ;micro_oven.c: 175:       clear_screen();
  2241     00A3  120A  158A  26B3  120A  118A  	fcall	_clear_screen
  2242     00A8                     l2464:
  2243                           
  2244                           ;micro_oven.c: 176:       pre_heat = 60;
  2245     00A8  303C               	movlw	60
  2246     00A9  1283               	bcf	3,5	;RP0=0, select bank0
  2247     00AA  1303               	bcf	3,6	;RP1=0, select bank0
  2248     00AB  00BA               	movwf	_pre_heat
  2249     00AC                     l2466:
  2250                           
  2251                           ;micro_oven.c: 177:       TMR2ON = 1;
  2252     00AC  1512               	bsf	18,2	;volatile
  2253     00AD                     l2468:
  2254                           
  2255                           ;micro_oven.c: 179:       clcd_print("Pre-Heating", (0x80 + 3));
  2256     00AD  3085               	movlw	(low ((STR_14-__stringbase)| (0+32768)))& (0+255)
  2257     00AE  00F6               	movwf	clcd_print@str
  2258     00AF  3083               	movlw	131
  2259     00B0  00F7               	movwf	clcd_print@addr
  2260     00B1  120A  158A  2722  120A  118A  	fcall	_clcd_print
  2261     00B6                     l2470:
  2262                           
  2263                           ;micro_oven.c: 180:       clcd_print("Time Rem:", (0x90 + 0));
  2264     00B6  309C               	movlw	(low ((STR_15-__stringbase)| (0+32768)))& (0+255)
  2265     00B7  00F6               	movwf	clcd_print@str
  2266     00B8  3090               	movlw	144
  2267     00B9  00F7               	movwf	clcd_print@addr
  2268     00BA  120A  158A  2722  120A  118A  	fcall	_clcd_print
  2269                           
  2270                           ;micro_oven.c: 181:       clcd_putch('s', (0x90 + 12));
  2271     00BF  309C               	movlw	156
  2272     00C0  1283               	bcf	3,5	;RP0=0, select bank0
  2273     00C1  1303               	bcf	3,6	;RP1=0, select bank0
  2274     00C2  00A8               	movwf	clcd_putch@addr
  2275     00C3  3073               	movlw	115
  2276     00C4  120A  158A  26C4  120A  118A  	fcall	_clcd_putch
  2277                           
  2278                           ;micro_oven.c: 182:       while(pre_heat)
  2279     00C9  292C               	goto	l2474
  2280     00CA                     l2472:
  2281                           
  2282                           ;micro_oven.c: 183:       {;micro_oven.c: 184:        clcd_putch( pre_heat / 100 + '0', 
      +                          (0x90 + 9));
  2283     00CA  3099               	movlw	153
  2284     00CB  00A8               	movwf	clcd_putch@addr
  2285     00CC  3064               	movlw	100
  2286     00CD  00F2               	movwf	___awdiv@divisor
  2287     00CE  3000               	movlw	0
  2288     00CF  00F3               	movwf	___awdiv@divisor+1
  2289     00D0  083A               	movf	_pre_heat,w
  2290     00D1  00AA               	movwf	??_set_temp
  2291     00D2  01AB               	clrf	??_set_temp+1
  2292     00D3  082A               	movf	??_set_temp,w
  2293     00D4  00F4               	movwf	___awdiv@dividend
  2294     00D5  082B               	movf	??_set_temp+1,w
  2295     00D6  00F5               	movwf	___awdiv@dividend+1
  2296     00D7  120A  118A  2701  120A  118A  	fcall	___awdiv
  2297     00DC  0872               	movf	?___awdiv,w
  2298     00DD  3E30               	addlw	48
  2299     00DE  120A  158A  26C4  120A  118A  	fcall	_clcd_putch
  2300                           
  2301                           ;micro_oven.c: 185:        clcd_putch( (pre_heat/10) % 10 + '0', (0x90 + 10));
  2302     00E3  309A               	movlw	154
  2303     00E4  1283               	bcf	3,5	;RP0=0, select bank0
  2304     00E5  1303               	bcf	3,6	;RP1=0, select bank0
  2305     00E6  00A8               	movwf	clcd_putch@addr
  2306     00E7  300A               	movlw	10
  2307     00E8  00A4               	movwf	___awmod@divisor
  2308     00E9  3000               	movlw	0
  2309     00EA  00A5               	movwf	___awmod@divisor+1
  2310     00EB  300A               	movlw	10
  2311     00EC  00F2               	movwf	___awdiv@divisor
  2312     00ED  3000               	movlw	0
  2313     00EE  00F3               	movwf	___awdiv@divisor+1
  2314     00EF  083A               	movf	_pre_heat,w
  2315     00F0  00AA               	movwf	??_set_temp
  2316     00F1  01AB               	clrf	??_set_temp+1
  2317     00F2  082A               	movf	??_set_temp,w
  2318     00F3  00F4               	movwf	___awdiv@dividend
  2319     00F4  082B               	movf	??_set_temp+1,w
  2320     00F5  00F5               	movwf	___awdiv@dividend+1
  2321     00F6  120A  118A  2701  120A  118A  	fcall	___awdiv
  2322     00FB  0873               	movf	?___awdiv+1,w
  2323     00FC  1283               	bcf	3,5	;RP0=0, select bank0
  2324     00FD  1303               	bcf	3,6	;RP1=0, select bank0
  2325     00FE  00A7               	movwf	___awmod@dividend+1
  2326     00FF  0872               	movf	?___awdiv,w
  2327     0100  00A6               	movwf	___awmod@dividend
  2328     0101  120A  158A  27A7  120A  118A  	fcall	___awmod
  2329     0106  1283               	bcf	3,5	;RP0=0, select bank0
  2330     0107  1303               	bcf	3,6	;RP1=0, select bank0
  2331     0108  0824               	movf	?___awmod,w
  2332     0109  3E30               	addlw	48
  2333     010A  120A  158A  26C4  120A  118A  	fcall	_clcd_putch
  2334                           
  2335                           ;micro_oven.c: 186:        clcd_putch(( pre_heat % 10) + '0', (0x90 + 11));
  2336     010F  309B               	movlw	155
  2337     0110  1283               	bcf	3,5	;RP0=0, select bank0
  2338     0111  1303               	bcf	3,6	;RP1=0, select bank0
  2339     0112  00A8               	movwf	clcd_putch@addr
  2340     0113  300A               	movlw	10
  2341     0114  00A4               	movwf	___awmod@divisor
  2342     0115  3000               	movlw	0
  2343     0116  00A5               	movwf	___awmod@divisor+1
  2344     0117  083A               	movf	_pre_heat,w
  2345     0118  00AA               	movwf	??_set_temp
  2346     0119  01AB               	clrf	??_set_temp+1
  2347     011A  082A               	movf	??_set_temp,w
  2348     011B  00A6               	movwf	___awmod@dividend
  2349     011C  082B               	movf	??_set_temp+1,w
  2350     011D  00A7               	movwf	___awmod@dividend+1
  2351     011E  120A  158A  27A7  120A  118A  	fcall	___awmod
  2352     0123  1283               	bcf	3,5	;RP0=0, select bank0
  2353     0124  1303               	bcf	3,6	;RP1=0, select bank0
  2354     0125  0824               	movf	?___awmod,w
  2355     0126  3E30               	addlw	48
  2356     0127  120A  158A  26C4  120A  118A  	fcall	_clcd_putch
  2357     012C                     l2474:
  2358                           
  2359                           ;micro_oven.c: 182:       while(pre_heat)
  2360     012C  1283               	bcf	3,5	;RP0=0, select bank0
  2361     012D  1303               	bcf	3,6	;RP1=0, select bank0
  2362     012E  083A               	movf	_pre_heat,w
  2363     012F  1D03               	btfss	3,2
  2364     0130  2932               	goto	u2381
  2365     0131  2933               	goto	u2380
  2366     0132                     u2381:
  2367     0132  28CA               	goto	l2472
  2368     0133                     u2380:
  2369     0133                     l271:
  2370                           
  2371                           ;micro_oven.c: 188:       TMR2ON = 0;
  2372     0133  1112               	bcf	18,2	;volatile
  2373     0134                     l2476:
  2374                           
  2375                           ;micro_oven.c: 189:       clear_screen();
  2376     0134  120A  158A  26B3  120A  118A  	fcall	_clear_screen
  2377     0139                     l2478:
  2378                           
  2379                           ;micro_oven.c: 190:       screen_flag = 0x30;
  2380     0139  3030               	movlw	48
  2381     013A  1283               	bcf	3,5	;RP0=0, select bank0
  2382     013B  1303               	bcf	3,6	;RP1=0, select bank0
  2383     013C  00BE               	movwf	_screen_flag
  2384     013D                     l2480:
  2385     013D                     l2482:
  2386                           
  2387                           ;micro_oven.c: 195:      if(display_blank)
  2388     013D  0833               	movf	set_temp@display_blank,w
  2389     013E  1903               	btfsc	3,2
  2390     013F  2941               	goto	u2391
  2391     0140  2942               	goto	u2390
  2392     0141                     u2391:
  2393     0141  295F               	goto	l2486
  2394     0142                     u2390:
  2395     0142                     l2484:
  2396                           
  2397                           ;micro_oven.c: 196:     {;micro_oven.c: 197:       clcd_putch(' ', (0xC0 + 7));
  2398     0142  30C7               	movlw	199
  2399     0143  00A8               	movwf	clcd_putch@addr
  2400     0144  3020               	movlw	32
  2401     0145  120A  158A  26C4  120A  118A  	fcall	_clcd_putch
  2402                           
  2403                           ;micro_oven.c: 198:       clcd_putch(' ', (0xC0 + 8));
  2404     014A  30C8               	movlw	200
  2405     014B  1283               	bcf	3,5	;RP0=0, select bank0
  2406     014C  1303               	bcf	3,6	;RP1=0, select bank0
  2407     014D  00A8               	movwf	clcd_putch@addr
  2408     014E  3020               	movlw	32
  2409     014F  120A  158A  26C4  120A  118A  	fcall	_clcd_putch
  2410                           
  2411                           ;micro_oven.c: 199:       clcd_putch(' ', (0xC0 + 9));
  2412     0154  30C9               	movlw	201
  2413     0155  1283               	bcf	3,5	;RP0=0, select bank0
  2414     0156  1303               	bcf	3,6	;RP1=0, select bank0
  2415     0157  00A8               	movwf	clcd_putch@addr
  2416     0158  3020               	movlw	32
  2417     0159  120A  158A  26C4  120A  118A  	fcall	_clcd_putch
  2418                           
  2419                           ;micro_oven.c: 200:     }
  2420     015E  29C1               	goto	l274
  2421     015F                     l2486:
  2422                           
  2423                           ;micro_oven.c: 202:     {;micro_oven.c: 203:        clcd_putch( temp / 100 + '0', (0xC0 
      +                          + 7));
  2424     015F  30C7               	movlw	199
  2425     0160  00A8               	movwf	clcd_putch@addr
  2426     0161  3064               	movlw	100
  2427     0162  00F2               	movwf	___awdiv@divisor
  2428     0163  3000               	movlw	0
  2429     0164  00F3               	movwf	___awdiv@divisor+1
  2430     0165  083B               	movf	_temp,w
  2431     0166  00AA               	movwf	??_set_temp
  2432     0167  01AB               	clrf	??_set_temp+1
  2433     0168  082A               	movf	??_set_temp,w
  2434     0169  00F4               	movwf	___awdiv@dividend
  2435     016A  082B               	movf	??_set_temp+1,w
  2436     016B  00F5               	movwf	___awdiv@dividend+1
  2437     016C  120A  118A  2701  120A  118A  	fcall	___awdiv
  2438     0171  0872               	movf	?___awdiv,w
  2439     0172  3E30               	addlw	48
  2440     0173  120A  158A  26C4  120A  118A  	fcall	_clcd_putch
  2441                           
  2442                           ;micro_oven.c: 204:        clcd_putch( (temp/10) % 10 + '0', (0xC0 + 8));
  2443     0178  30C8               	movlw	200
  2444     0179  1283               	bcf	3,5	;RP0=0, select bank0
  2445     017A  1303               	bcf	3,6	;RP1=0, select bank0
  2446     017B  00A8               	movwf	clcd_putch@addr
  2447     017C  300A               	movlw	10
  2448     017D  00A4               	movwf	___awmod@divisor
  2449     017E  3000               	movlw	0
  2450     017F  00A5               	movwf	___awmod@divisor+1
  2451     0180  300A               	movlw	10
  2452     0181  00F2               	movwf	___awdiv@divisor
  2453     0182  3000               	movlw	0
  2454     0183  00F3               	movwf	___awdiv@divisor+1
  2455     0184  083B               	movf	_temp,w
  2456     0185  00AA               	movwf	??_set_temp
  2457     0186  01AB               	clrf	??_set_temp+1
  2458     0187  082A               	movf	??_set_temp,w
  2459     0188  00F4               	movwf	___awdiv@dividend
  2460     0189  082B               	movf	??_set_temp+1,w
  2461     018A  00F5               	movwf	___awdiv@dividend+1
  2462     018B  120A  118A  2701  120A  118A  	fcall	___awdiv
  2463     0190  0873               	movf	?___awdiv+1,w
  2464     0191  1283               	bcf	3,5	;RP0=0, select bank0
  2465     0192  1303               	bcf	3,6	;RP1=0, select bank0
  2466     0193  00A7               	movwf	___awmod@dividend+1
  2467     0194  0872               	movf	?___awdiv,w
  2468     0195  00A6               	movwf	___awmod@dividend
  2469     0196  120A  158A  27A7  120A  118A  	fcall	___awmod
  2470     019B  1283               	bcf	3,5	;RP0=0, select bank0
  2471     019C  1303               	bcf	3,6	;RP1=0, select bank0
  2472     019D  0824               	movf	?___awmod,w
  2473     019E  3E30               	addlw	48
  2474     019F  120A  158A  26C4  120A  118A  	fcall	_clcd_putch
  2475                           
  2476                           ;micro_oven.c: 205:        clcd_putch(( temp % 10) + '0', (0xC0 + 9));
  2477     01A4  30C9               	movlw	201
  2478     01A5  1283               	bcf	3,5	;RP0=0, select bank0
  2479     01A6  1303               	bcf	3,6	;RP1=0, select bank0
  2480     01A7  00A8               	movwf	clcd_putch@addr
  2481     01A8  300A               	movlw	10
  2482     01A9  00A4               	movwf	___awmod@divisor
  2483     01AA  3000               	movlw	0
  2484     01AB  00A5               	movwf	___awmod@divisor+1
  2485     01AC  083B               	movf	_temp,w
  2486     01AD  00AA               	movwf	??_set_temp
  2487     01AE  01AB               	clrf	??_set_temp+1
  2488     01AF  082A               	movf	??_set_temp,w
  2489     01B0  00A6               	movwf	___awmod@dividend
  2490     01B1  082B               	movf	??_set_temp+1,w
  2491     01B2  00A7               	movwf	___awmod@dividend+1
  2492     01B3  120A  158A  27A7  120A  118A  	fcall	___awmod
  2493     01B8  1283               	bcf	3,5	;RP0=0, select bank0
  2494     01B9  1303               	bcf	3,6	;RP1=0, select bank0
  2495     01BA  0824               	movf	?___awmod,w
  2496     01BB  3E30               	addlw	48
  2497     01BC  120A  158A  26C4  120A  118A  	fcall	_clcd_putch
  2498     01C1                     l274:
  2499     01C1  0008               	return
  2500     01C2                     __end_of_set_temp:
  2501                           
  2502                           	psect	text3
  2503     0ED7                     __ptext3:	
  2504 ;; *************** function ___bmul *****************
  2505 ;; Defined at:
  2506 ;;		line 4 in file "C:\Program Files\Microchip\xc8\v3.10\pic\sources\c99\common\Umul8.c"
  2507 ;; Parameters:    Size  Location     Type
  2508 ;;  multiplier      1    wreg     unsigned char 
  2509 ;;  multiplicand    1    2[COMMON] unsigned char 
  2510 ;; Auto vars:     Size  Location     Type
  2511 ;;  multiplier      1    4[COMMON] unsigned char 
  2512 ;;  product         1    3[COMMON] unsigned char 
  2513 ;; Return value:  Size  Location     Type
  2514 ;;                  1    wreg      unsigned char 
  2515 ;; Registers used:
  2516 ;;		wreg, status,2, status,0
  2517 ;; Tracked objects:
  2518 ;;		On entry : 0/0
  2519 ;;		On exit  : 0/0
  2520 ;;		Unchanged: 0/0
  2521 ;; Data sizes:     COMMON   BANK0   BANK1   BANK3   BANK2
  2522 ;;      Params:         1       0       0       0       0
  2523 ;;      Locals:         2       0       0       0       0
  2524 ;;      Temps:          0       0       0       0       0
  2525 ;;      Totals:         3       0       0       0       0
  2526 ;;Total ram usage:        3 bytes
  2527 ;; Hardware stack levels used: 1
  2528 ;; Hardware stack levels required when called: 1
  2529 ;; This function calls:
  2530 ;;		Nothing
  2531 ;; This function is called by:
  2532 ;;		_set_temp
  2533 ;;		_set_time
  2534 ;; This function uses a non-reentrant model
  2535 ;;
  2536                           
  2537     0ED7                     ___bmul:	
  2538                           ;psect for function ___bmul
  2539                           
  2540                           
  2541                           ;incstack = 0
  2542                           ; Regs used in ___bmul: [wreg+status,2+status,0]
  2543                           ;___bmul@multiplier stored from wreg
  2544     0ED7  00F4               	movwf	___bmul@multiplier
  2545     0ED8                     l1664:
  2546     0ED8  01F3               	clrf	___bmul@product
  2547     0ED9                     l1666:
  2548     0ED9  1C74               	btfss	___bmul@multiplier,0
  2549     0EDA  2EDC               	goto	u1101
  2550     0EDB  2EDD               	goto	u1100
  2551     0EDC                     u1101:
  2552     0EDC  2EDF               	goto	l1670
  2553     0EDD                     u1100:
  2554     0EDD                     l1668:
  2555     0EDD  0872               	movf	___bmul@multiplicand,w
  2556     0EDE  07F3               	addwf	___bmul@product,f
  2557     0EDF                     l1670:
  2558     0EDF  1003               	clrc
  2559     0EE0  0DF2               	rlf	___bmul@multiplicand,f
  2560     0EE1                     l1672:
  2561     0EE1  1003               	clrc
  2562     0EE2  0CF4               	rrf	___bmul@multiplier,f
  2563     0EE3  0874               	movf	___bmul@multiplier,w
  2564     0EE4  1D03               	btfss	3,2
  2565     0EE5  2EE7               	goto	u1111
  2566     0EE6  2EE8               	goto	u1110
  2567     0EE7                     u1111:
  2568     0EE7  2ED9               	goto	l1666
  2569     0EE8                     u1110:
  2570     0EE8                     l1674:
  2571     0EE8  0873               	movf	___bmul@product,w
  2572     0EE9                     l414:
  2573     0EE9  0008               	return
  2574     0EEA                     __end_of___bmul:
  2575                           
  2576                           	psect	text4
  2577     0EFF                     __ptext4:	
  2578 ;; *************** function _read_matrix_keypad *****************
  2579 ;; Defined at:
  2580 ;;		line 115 in file "matrix_keypad.c"
  2581 ;; Parameters:    Size  Location     Type
  2582 ;;  mode            1    wreg     unsigned char 
  2583 ;; Auto vars:     Size  Location     Type
  2584 ;;  mode            1    4[COMMON] unsigned char 
  2585 ;;  key             1    5[COMMON] unsigned char 
  2586 ;; Return value:  Size  Location     Type
  2587 ;;                  1    wreg      unsigned char 
  2588 ;; Registers used:
  2589 ;;		wreg, status,2, status,0, pclath, btemp1, cstack
  2590 ;; Tracked objects:
  2591 ;;		On entry : 0/0
  2592 ;;		On exit  : 0/0
  2593 ;;		Unchanged: 0/0
  2594 ;; Data sizes:     COMMON   BANK0   BANK1   BANK3   BANK2
  2595 ;;      Params:         0       0       0       0       0
  2596 ;;      Locals:         2       0       0       0       0
  2597 ;;      Temps:          0       0       0       0       0
  2598 ;;      Totals:         2       0       0       0       0
  2599 ;;Total ram usage:        2 bytes
  2600 ;; Hardware stack levels used: 1
  2601 ;; Hardware stack levels required when called: 2
  2602 ;; This function calls:
  2603 ;;		_scan_keypad
  2604 ;; This function is called by:
  2605 ;;		_main
  2606 ;; This function uses a non-reentrant model
  2607 ;;
  2608                           
  2609     0EFF                     _read_matrix_keypad:	
  2610                           ;psect for function _read_matrix_keypad
  2611                           
  2612                           
  2613                           ;incstack = 0
  2614                           ; Regs used in _read_matrix_keypad: [wreg+status,2+status,0+pclath+btemp1+cstack]
  2615                           ;read_matrix_keypad@mode stored from wreg
  2616     0EFF  00F4               	movwf	read_matrix_keypad@mode
  2617     0F00                     l1770:
  2618                           
  2619                           ;matrix_keypad.c: 115: unsigned char read_matrix_keypad(unsigned char mode);matrix_keypa
      +                          d.c: 116: {;matrix_keypad.c: 117:     static unsigned char once = 1;;matrix_keypad.c: 11
      +                          8:     unsigned char key;;matrix_keypad.c: 120:     key = scan_keypad();
  2620     0F00  120A  118A  25DC  120A  158A  	fcall	_scan_keypad
  2621     0F05  00F5               	movwf	read_matrix_keypad@key
  2622     0F06                     l1772:
  2623                           
  2624                           ;matrix_keypad.c: 122:     if (mode == 0)
  2625     0F06  0874               	movf	read_matrix_keypad@mode,w
  2626     0F07  1D03               	btfss	3,2
  2627     0F08  2F0A               	goto	u1311
  2628     0F09  2F0B               	goto	u1310
  2629     0F0A                     u1311:
  2630     0F0A  2F0D               	goto	l1780
  2631     0F0B                     u1310:
  2632     0F0B                     l1774:
  2633                           
  2634                           ;matrix_keypad.c: 123:     {;matrix_keypad.c: 124:         return key;
  2635     0F0B  0875               	movf	read_matrix_keypad@key,w
  2636     0F0C  2F21               	goto	l178
  2637     0F0D                     l1780:
  2638                           
  2639                           ;matrix_keypad.c: 127:     {;matrix_keypad.c: 128:         if ((key != 0xFF) && once)
  2640     0F0D  0A75               	incf	read_matrix_keypad@key,w
  2641     0F0E  1903               	btfsc	3,2
  2642     0F0F  2F11               	goto	u1321
  2643     0F10  2F12               	goto	u1320
  2644     0F11                     u1321:
  2645     0F11  2F19               	goto	l1792
  2646     0F12                     u1320:
  2647     0F12                     l1782:
  2648     0F12  087B               	movf	read_matrix_keypad@once,w
  2649     0F13  1903               	btfsc	3,2
  2650     0F14  2F16               	goto	u1331
  2651     0F15  2F17               	goto	u1330
  2652     0F16                     u1331:
  2653     0F16  2F19               	goto	l1792
  2654     0F17                     u1330:
  2655     0F17                     l1784:
  2656                           
  2657                           ;matrix_keypad.c: 129:         {;matrix_keypad.c: 130:             once = 0;
  2658     0F17  01FB               	clrf	read_matrix_keypad@once
  2659     0F18  2F0B               	goto	l1774
  2660     0F19                     l1792:
  2661     0F19  0A75               	incf	read_matrix_keypad@key,w
  2662     0F1A  1D03               	btfss	3,2
  2663     0F1B  2F1D               	goto	u1341
  2664     0F1C  2F1E               	goto	u1340
  2665     0F1D                     u1341:
  2666     0F1D  2F20               	goto	l1796
  2667     0F1E                     u1340:
  2668     0F1E                     l1794:
  2669                           
  2670                           ;matrix_keypad.c: 135:         {;matrix_keypad.c: 136:             once = 1;
  2671     0F1E  3001               	movlw	1
  2672     0F1F  00FB               	movwf	read_matrix_keypad@once
  2673     0F20                     l1796:
  2674                           
  2675                           ;matrix_keypad.c: 140:     return 0xFF;
  2676     0F20  30FF               	movlw	255
  2677     0F21                     l178:
  2678     0F21  0008               	return
  2679     0F22                     __end_of_read_matrix_keypad:
  2680                           
  2681                           	psect	text5
  2682     05DC                     __ptext5:	
  2683 ;; *************** function _scan_keypad *****************
  2684 ;; Defined at:
  2685 ;;		line 25 in file "matrix_keypad.c"
  2686 ;; Parameters:    Size  Location     Type
  2687 ;;		None
  2688 ;; Auto vars:     Size  Location     Type
  2689 ;;  i               2    2[COMMON] int 
  2690 ;; Return value:  Size  Location     Type
  2691 ;;                  1    wreg      unsigned char 
  2692 ;; Registers used:
  2693 ;;		wreg, status,2, status,0, btemp1
  2694 ;; Tracked objects:
  2695 ;;		On entry : 0/0
  2696 ;;		On exit  : 0/0
  2697 ;;		Unchanged: 0/0
  2698 ;; Data sizes:     COMMON   BANK0   BANK1   BANK3   BANK2
  2699 ;;      Params:         0       0       0       0       0
  2700 ;;      Locals:         2       0       0       0       0
  2701 ;;      Temps:          0       0       0       0       0
  2702 ;;      Totals:         2       0       0       0       0
  2703 ;;Total ram usage:        2 bytes
  2704 ;; Hardware stack levels used: 1
  2705 ;; Hardware stack levels required when called: 1
  2706 ;; This function calls:
  2707 ;;		Nothing
  2708 ;; This function is called by:
  2709 ;;		_read_matrix_keypad
  2710 ;; This function uses a non-reentrant model
  2711 ;;
  2712                           
  2713     05DC                     _scan_keypad:	
  2714                           ;psect for function _scan_keypad
  2715                           
  2716     05DC                     l1560:	
  2717                           ;incstack = 0
  2718                           ; Regs used in _scan_keypad: [wreg+status,2+status,0+btemp1]
  2719                           
  2720                           
  2721                           ;matrix_keypad.c: 27:     int i;;matrix_keypad.c: 29:     RD3 = 0;
  2722     05DC  1283               	bcf	3,5	;RP0=0, select bank0
  2723     05DD  1303               	bcf	3,6	;RP1=0, select bank0
  2724     05DE  1188               	bcf	8,3	;volatile
  2725                           
  2726                           ;matrix_keypad.c: 30:     RD2 = 1;
  2727     05DF  1508               	bsf	8,2	;volatile
  2728                           
  2729                           ;matrix_keypad.c: 31:     RD1 = 1;
  2730     05E0  1488               	bsf	8,1	;volatile
  2731                           
  2732                           ;matrix_keypad.c: 32:     RD0 = 1;
  2733     05E1  1408               	bsf	8,0	;volatile
  2734     05E2                     l1562:
  2735                           
  2736                           ;matrix_keypad.c: 34:     for (i = 100; i--; );
  2737     05E2  3064               	movlw	100
  2738     05E3  00F2               	movwf	scan_keypad@i
  2739     05E4  3000               	movlw	0
  2740     05E5  00F3               	movwf	scan_keypad@i+1
  2741     05E6                     l1564:
  2742     05E6  30FF               	movlw	255
  2743     05E7  07F2               	addwf	scan_keypad@i,f
  2744     05E8  1803               	skipnc
  2745     05E9  0AF3               	incf	scan_keypad@i+1,f
  2746     05EA  30FF               	movlw	255
  2747     05EB  07F3               	addwf	scan_keypad@i+1,f
  2748     05EC  0A72               	incf	scan_keypad@i,w
  2749     05ED  1D03               	skipz
  2750     05EE  2DF3               	goto	u941
  2751     05EF  0A73               	incf	scan_keypad@i+1,w
  2752     05F0  1D03               	btfss	3,2
  2753     05F1  2DF3               	goto	u941
  2754     05F2  2DF4               	goto	u940
  2755     05F3                     u941:
  2756     05F3  2DE6               	goto	l1564
  2757     05F4                     u940:
  2758     05F4                     l145:
  2759                           
  2760                           ;matrix_keypad.c: 36:     if (RB0 == 0)
  2761     05F4  1283               	bcf	3,5	;RP0=0, select bank0
  2762     05F5  1303               	bcf	3,6	;RP1=0, select bank0
  2763     05F6  1806               	btfsc	6,0	;volatile
  2764     05F7  2DF9               	goto	u951
  2765     05F8  2DFA               	goto	u950
  2766     05F9                     u951:
  2767     05F9  2DFC               	goto	l146
  2768     05FA                     u950:
  2769     05FA                     l1566:
  2770                           
  2771                           ;matrix_keypad.c: 37:     {;matrix_keypad.c: 38:         return 1;
  2772     05FA  3001               	movlw	1
  2773     05FB  2E96               	goto	l147
  2774     05FC                     l146:	
  2775                           ;matrix_keypad.c: 40:     else if (RB1 == 0)
  2776                           
  2777     05FC  1886               	btfsc	6,1	;volatile
  2778     05FD  2DFF               	goto	u961
  2779     05FE  2E00               	goto	u960
  2780     05FF                     u961:
  2781     05FF  2E02               	goto	l149
  2782     0600                     u960:
  2783     0600                     l1572:
  2784                           
  2785                           ;matrix_keypad.c: 41:     {;matrix_keypad.c: 42:         return 2;
  2786     0600  3002               	movlw	2
  2787     0601  2E96               	goto	l147
  2788     0602                     l149:	
  2789                           ;matrix_keypad.c: 44:     else if (RB2 == 0)
  2790                           
  2791     0602  1906               	btfsc	6,2	;volatile
  2792     0603  2E05               	goto	u971
  2793     0604  2E06               	goto	u970
  2794     0605                     u971:
  2795     0605  2E08               	goto	l148
  2796     0606                     u970:
  2797     0606                     l1578:
  2798                           
  2799                           ;matrix_keypad.c: 45:     {;matrix_keypad.c: 46:         return 3;
  2800     0606  3003               	movlw	3
  2801     0607  2E96               	goto	l147
  2802     0608                     l148:
  2803                           
  2804                           ;matrix_keypad.c: 49:     RD3 = 1;
  2805     0608  1588               	bsf	8,3	;volatile
  2806                           
  2807                           ;matrix_keypad.c: 50:     RD2 = 0;
  2808     0609  1108               	bcf	8,2	;volatile
  2809                           
  2810                           ;matrix_keypad.c: 51:     RD1 = 1;
  2811     060A  1488               	bsf	8,1	;volatile
  2812                           
  2813                           ;matrix_keypad.c: 52:     RD0 = 1;
  2814     060B  1408               	bsf	8,0	;volatile
  2815     060C                     l1582:
  2816                           
  2817                           ;matrix_keypad.c: 54:    for (i = 100; i > 0; i--)
  2818     060C  3064               	movlw	100
  2819     060D  00F2               	movwf	scan_keypad@i
  2820     060E  3000               	movlw	0
  2821     060F  00F3               	movwf	scan_keypad@i+1
  2822     0610                     l1588:
  2823                           
  2824                           ;matrix_keypad.c: 55:    {;matrix_keypad.c: 57:    }
  2825     0610  30FF               	movlw	255
  2826     0611  07F2               	addwf	scan_keypad@i,f
  2827     0612  1803               	skipnc
  2828     0613  0AF3               	incf	scan_keypad@i+1,f
  2829     0614  30FF               	movlw	255
  2830     0615  07F3               	addwf	scan_keypad@i+1,f
  2831     0616                     l1590:
  2832     0616  0873               	movf	scan_keypad@i+1,w
  2833     0617  3A80               	xorlw	128
  2834     0618  00FF               	movwf	btemp1
  2835     0619  3080               	movlw	128
  2836     061A  027F               	subwf	btemp1,w
  2837     061B  1D03               	skipz
  2838     061C  2E1F               	goto	u985
  2839     061D  3001               	movlw	1
  2840     061E  0272               	subwf	scan_keypad@i,w
  2841     061F                     u985:
  2842     061F  1803               	skipnc
  2843     0620  2E22               	goto	u981
  2844     0621  2E23               	goto	u980
  2845     0622                     u981:
  2846     0622  2E10               	goto	l1588
  2847     0623                     u980:
  2848     0623                     l153:
  2849                           
  2850                           ;matrix_keypad.c: 59:     if (RB0 == 0)
  2851     0623  1283               	bcf	3,5	;RP0=0, select bank0
  2852     0624  1303               	bcf	3,6	;RP1=0, select bank0
  2853     0625  1806               	btfsc	6,0	;volatile
  2854     0626  2E28               	goto	u991
  2855     0627  2E29               	goto	u990
  2856     0628                     u991:
  2857     0628  2E2B               	goto	l154
  2858     0629                     u990:
  2859     0629                     l1592:
  2860                           
  2861                           ;matrix_keypad.c: 60:     {;matrix_keypad.c: 61:         return 4;
  2862     0629  3004               	movlw	4
  2863     062A  2E96               	goto	l147
  2864     062B                     l154:	
  2865                           ;matrix_keypad.c: 63:     else if (RB1 == 0)
  2866                           
  2867     062B  1886               	btfsc	6,1	;volatile
  2868     062C  2E2E               	goto	u1001
  2869     062D  2E2F               	goto	u1000
  2870     062E                     u1001:
  2871     062E  2E31               	goto	l156
  2872     062F                     u1000:
  2873     062F                     l1598:
  2874                           
  2875                           ;matrix_keypad.c: 64:     {;matrix_keypad.c: 65:         return 5;
  2876     062F  3005               	movlw	5
  2877     0630  2E96               	goto	l147
  2878     0631                     l156:	
  2879                           ;matrix_keypad.c: 67:     else if (RB2 == 0)
  2880                           
  2881     0631  1906               	btfsc	6,2	;volatile
  2882     0632  2E34               	goto	u1011
  2883     0633  2E35               	goto	u1010
  2884     0634                     u1011:
  2885     0634  2E37               	goto	l155
  2886     0635                     u1010:
  2887     0635                     l1604:
  2888                           
  2889                           ;matrix_keypad.c: 68:     {;matrix_keypad.c: 69:         return 6;
  2890     0635  3006               	movlw	6
  2891     0636  2E96               	goto	l147
  2892     0637                     l155:
  2893                           
  2894                           ;matrix_keypad.c: 72:     RD3 = 1;
  2895     0637  1588               	bsf	8,3	;volatile
  2896                           
  2897                           ;matrix_keypad.c: 73:     RD2 = 1;
  2898     0638  1508               	bsf	8,2	;volatile
  2899                           
  2900                           ;matrix_keypad.c: 74:     RD1 = 0;
  2901     0639  1088               	bcf	8,1	;volatile
  2902                           
  2903                           ;matrix_keypad.c: 75:     RD0 = 1;
  2904     063A  1408               	bsf	8,0	;volatile
  2905     063B                     l1608:
  2906                           
  2907                           ;matrix_keypad.c: 77:     for (i = 100; i > 0; i--);
  2908     063B  3064               	movlw	100
  2909     063C  00F2               	movwf	scan_keypad@i
  2910     063D  3000               	movlw	0
  2911     063E  00F3               	movwf	scan_keypad@i+1
  2912     063F                     l1614:
  2913     063F  30FF               	movlw	255
  2914     0640  07F2               	addwf	scan_keypad@i,f
  2915     0641  1803               	skipnc
  2916     0642  0AF3               	incf	scan_keypad@i+1,f
  2917     0643  30FF               	movlw	255
  2918     0644  07F3               	addwf	scan_keypad@i+1,f
  2919     0645                     l1616:
  2920     0645  0873               	movf	scan_keypad@i+1,w
  2921     0646  3A80               	xorlw	128
  2922     0647  00FF               	movwf	btemp1
  2923     0648  3080               	movlw	128
  2924     0649  027F               	subwf	btemp1,w
  2925     064A  1D03               	skipz
  2926     064B  2E4E               	goto	u1025
  2927     064C  3001               	movlw	1
  2928     064D  0272               	subwf	scan_keypad@i,w
  2929     064E                     u1025:
  2930     064E  1803               	skipnc
  2931     064F  2E51               	goto	u1021
  2932     0650  2E52               	goto	u1020
  2933     0651                     u1021:
  2934     0651  2E3F               	goto	l1614
  2935     0652                     u1020:
  2936     0652                     l160:
  2937                           
  2938                           ;matrix_keypad.c: 79:     if (RB0 == 0)
  2939     0652  1283               	bcf	3,5	;RP0=0, select bank0
  2940     0653  1303               	bcf	3,6	;RP1=0, select bank0
  2941     0654  1806               	btfsc	6,0	;volatile
  2942     0655  2E57               	goto	u1031
  2943     0656  2E58               	goto	u1030
  2944     0657                     u1031:
  2945     0657  2E5A               	goto	l161
  2946     0658                     u1030:
  2947     0658                     l1618:
  2948                           
  2949                           ;matrix_keypad.c: 80:     {;matrix_keypad.c: 81:         return 7;
  2950     0658  3007               	movlw	7
  2951     0659  2E96               	goto	l147
  2952     065A                     l161:	
  2953                           ;matrix_keypad.c: 83:     else if (RB1 == 0)
  2954                           
  2955     065A  1886               	btfsc	6,1	;volatile
  2956     065B  2E5D               	goto	u1041
  2957     065C  2E5E               	goto	u1040
  2958     065D                     u1041:
  2959     065D  2E60               	goto	l163
  2960     065E                     u1040:
  2961     065E                     l1624:
  2962                           
  2963                           ;matrix_keypad.c: 84:     {;matrix_keypad.c: 85:         return 8;
  2964     065E  3008               	movlw	8
  2965     065F  2E96               	goto	l147
  2966     0660                     l163:	
  2967                           ;matrix_keypad.c: 87:     else if (RB2 == 0)
  2968                           
  2969     0660  1906               	btfsc	6,2	;volatile
  2970     0661  2E63               	goto	u1051
  2971     0662  2E64               	goto	u1050
  2972     0663                     u1051:
  2973     0663  2E66               	goto	l162
  2974     0664                     u1050:
  2975     0664                     l1630:
  2976                           
  2977                           ;matrix_keypad.c: 88:     {;matrix_keypad.c: 89:         return 9;
  2978     0664  3009               	movlw	9
  2979     0665  2E96               	goto	l147
  2980     0666                     l162:
  2981                           
  2982                           ;matrix_keypad.c: 92:     RD3 = 1;
  2983     0666  1588               	bsf	8,3	;volatile
  2984                           
  2985                           ;matrix_keypad.c: 93:     RD2 = 1;
  2986     0667  1508               	bsf	8,2	;volatile
  2987                           
  2988                           ;matrix_keypad.c: 94:     RD1 = 1;
  2989     0668  1488               	bsf	8,1	;volatile
  2990                           
  2991                           ;matrix_keypad.c: 95:     RD0 = 0;
  2992     0669  1008               	bcf	8,0	;volatile
  2993     066A                     l1634:
  2994                           
  2995                           ;matrix_keypad.c: 97:     for (i = 100; i > 0; i--);
  2996     066A  3064               	movlw	100
  2997     066B  00F2               	movwf	scan_keypad@i
  2998     066C  3000               	movlw	0
  2999     066D  00F3               	movwf	scan_keypad@i+1
  3000     066E                     l1640:
  3001     066E  30FF               	movlw	255
  3002     066F  07F2               	addwf	scan_keypad@i,f
  3003     0670  1803               	skipnc
  3004     0671  0AF3               	incf	scan_keypad@i+1,f
  3005     0672  30FF               	movlw	255
  3006     0673  07F3               	addwf	scan_keypad@i+1,f
  3007     0674                     l1642:
  3008     0674  0873               	movf	scan_keypad@i+1,w
  3009     0675  3A80               	xorlw	128
  3010     0676  00FF               	movwf	btemp1
  3011     0677  3080               	movlw	128
  3012     0678  027F               	subwf	btemp1,w
  3013     0679  1D03               	skipz
  3014     067A  2E7D               	goto	u1065
  3015     067B  3001               	movlw	1
  3016     067C  0272               	subwf	scan_keypad@i,w
  3017     067D                     u1065:
  3018     067D  1803               	skipnc
  3019     067E  2E80               	goto	u1061
  3020     067F  2E81               	goto	u1060
  3021     0680                     u1061:
  3022     0680  2E6E               	goto	l1640
  3023     0681                     u1060:
  3024     0681                     l167:
  3025                           
  3026                           ;matrix_keypad.c: 99:     if (RB0 == 0)
  3027     0681  1283               	bcf	3,5	;RP0=0, select bank0
  3028     0682  1303               	bcf	3,6	;RP1=0, select bank0
  3029     0683  1806               	btfsc	6,0	;volatile
  3030     0684  2E86               	goto	u1071
  3031     0685  2E87               	goto	u1070
  3032     0686                     u1071:
  3033     0686  2E89               	goto	l168
  3034     0687                     u1070:
  3035     0687                     l1644:
  3036                           
  3037                           ;matrix_keypad.c: 100:     {;matrix_keypad.c: 101:         return '*';
  3038     0687  302A               	movlw	42
  3039     0688  2E96               	goto	l147
  3040     0689                     l168:	
  3041                           ;matrix_keypad.c: 103:     else if (RB1 == 0)
  3042                           
  3043     0689  1886               	btfsc	6,1	;volatile
  3044     068A  2E8C               	goto	u1081
  3045     068B  2E8D               	goto	u1080
  3046     068C                     u1081:
  3047     068C  2E8F               	goto	l170
  3048     068D                     u1080:
  3049     068D                     l1650:
  3050                           
  3051                           ;matrix_keypad.c: 104:     {;matrix_keypad.c: 105:         return 0;
  3052     068D  3000               	movlw	0
  3053     068E  2E96               	goto	l147
  3054     068F                     l170:	
  3055                           ;matrix_keypad.c: 107:     else if (RB2 == 0)
  3056                           
  3057     068F  1906               	btfsc	6,2	;volatile
  3058     0690  2E92               	goto	u1091
  3059     0691  2E93               	goto	u1090
  3060     0692                     u1091:
  3061     0692  2E95               	goto	l1660
  3062     0693                     u1090:
  3063     0693                     l1656:
  3064                           
  3065                           ;matrix_keypad.c: 108:     {;matrix_keypad.c: 109:         return '#';
  3066     0693  3023               	movlw	35
  3067     0694  2E96               	goto	l147
  3068     0695                     l1660:
  3069                           
  3070                           ;matrix_keypad.c: 112:     return 0xFF;
  3071     0695  30FF               	movlw	255
  3072     0696                     l147:
  3073     0696  0008               	return
  3074     0697                     __end_of_scan_keypad:
  3075                           
  3076                           	psect	text6
  3077     0EEA                     __ptext6:	
  3078 ;; *************** function _init_config *****************
  3079 ;; Defined at:
  3080 ;;		line 15 in file "main.c"
  3081 ;; Parameters:    Size  Location     Type
  3082 ;;		None
  3083 ;; Auto vars:     Size  Location     Type
  3084 ;;		None
  3085 ;; Return value:  Size  Location     Type
  3086 ;;                  1    wreg      void 
  3087 ;; Registers used:
  3088 ;;		wreg, status,2, status,0, pclath, cstack
  3089 ;; Tracked objects:
  3090 ;;		On entry : 0/0
  3091 ;;		On exit  : 0/0
  3092 ;;		Unchanged: 0/0
  3093 ;; Data sizes:     COMMON   BANK0   BANK1   BANK3   BANK2
  3094 ;;      Params:         0       0       0       0       0
  3095 ;;      Locals:         0       0       0       0       0
  3096 ;;      Temps:          0       0       0       0       0
  3097 ;;      Totals:         0       0       0       0       0
  3098 ;;Total ram usage:        0 bytes
  3099 ;; Hardware stack levels used: 1
  3100 ;; Hardware stack levels required when called: 4
  3101 ;; This function calls:
  3102 ;;		_init_clcd
  3103 ;;		_init_matrix_keypad
  3104 ;;		_init_timer2
  3105 ;; This function is called by:
  3106 ;;		_main
  3107 ;; This function uses a non-reentrant model
  3108 ;;
  3109                           
  3110     0EEA                     _init_config:	
  3111                           ;psect for function _init_config
  3112                           
  3113     0EEA                     l2272:	
  3114                           ;incstack = 0
  3115                           ; Regs used in _init_config: [wreg+status,2+status,0+pclath+cstack]
  3116                           
  3117                           
  3118                           ;main.c: 16: 
  3119     0EEA  120A  158A  2698  120A  158A  	fcall	_init_clcd
  3120                           
  3121                           ;main.c: 17:     unsigned char key;
  3122     0EEF  120A  158A  26A3  120A  158A  	fcall	_init_matrix_keypad
  3123     0EF4                     l2274:
  3124                           
  3125                           ;main.c: 18:     unsigned char reset_flag = 0;
  3126     0EF4  120A  158A  2685  120A  158A  	fcall	_init_timer2
  3127     0EF9                     l2276:
  3128                           
  3129                           ;main.c: 19: 
  3130     0EF9  1683               	bsf	3,5	;RP0=1, select bank1
  3131     0EFA  1303               	bcf	3,6	;RP1=0, select bank1
  3132     0EFB  1107               	bcf	7,2	;volatile
  3133     0EFC                     l2278:
  3134                           
  3135                           ;main.c: 20:     while (1)
  3136     0EFC  170B               	bsf	11,6	;volatile
  3137     0EFD                     l2280:
  3138                           
  3139                           ;main.c: 21:     {
  3140     0EFD  178B               	bsf	11,7	;volatile
  3141     0EFE                     l80:
  3142     0EFE  0008               	return
  3143     0EFF                     __end_of_init_config:
  3144                           
  3145                           	psect	text7
  3146     0E85                     __ptext7:	
  3147 ;; *************** function _init_timer2 *****************
  3148 ;; Defined at:
  3149 ;;		line 4 in file "timers.c"
  3150 ;; Parameters:    Size  Location     Type
  3151 ;;		None
  3152 ;; Auto vars:     Size  Location     Type
  3153 ;;		None
  3154 ;; Return value:  Size  Location     Type
  3155 ;;                  1    wreg      void 
  3156 ;; Registers used:
  3157 ;;		None
  3158 ;; Tracked objects:
  3159 ;;		On entry : 0/0
  3160 ;;		On exit  : 0/0
  3161 ;;		Unchanged: 0/0
  3162 ;; Data sizes:     COMMON   BANK0   BANK1   BANK3   BANK2
  3163 ;;      Params:         0       0       0       0       0
  3164 ;;      Locals:         0       0       0       0       0
  3165 ;;      Temps:          0       0       0       0       0
  3166 ;;      Totals:         0       0       0       0       0
  3167 ;;Total ram usage:        0 bytes
  3168 ;; Hardware stack levels used: 1
  3169 ;; Hardware stack levels required when called: 1
  3170 ;; This function calls:
  3171 ;;		Nothing
  3172 ;; This function is called by:
  3173 ;;		_init_config
  3174 ;; This function uses a non-reentrant model
  3175 ;;
  3176                           
  3177     0E85                     _init_timer2:	
  3178                           ;psect for function _init_timer2
  3179                           
  3180     0E85                     l1558:	
  3181                           ;incstack = 0
  3182                           ; Regs used in _init_timer2: []
  3183                           
  3184                           
  3185                           ;timers.c: 7:     PR2 = 250;
  3186     0E85  30FA               	movlw	250
  3187     0E86  1683               	bsf	3,5	;RP0=1, select bank1
  3188     0E87  1303               	bcf	3,6	;RP1=0, select bank1
  3189     0E88  0092               	movwf	18	;volatile
  3190                           
  3191                           ;timers.c: 10:     TMR2IE = 1;
  3192     0E89  148C               	bsf	12,1	;volatile
  3193                           
  3194                           ;timers.c: 13:     TMR2ON = 0;
  3195     0E8A  1283               	bcf	3,5	;RP0=0, select bank0
  3196     0E8B  1303               	bcf	3,6	;RP1=0, select bank0
  3197     0E8C  1112               	bcf	18,2	;volatile
  3198     0E8D                     l191:
  3199     0E8D  0008               	return
  3200     0E8E                     __end_of_init_timer2:
  3201                           
  3202                           	psect	text8
  3203     0EA3                     __ptext8:	
  3204 ;; *************** function _init_matrix_keypad *****************
  3205 ;; Defined at:
  3206 ;;		line 4 in file "matrix_keypad.c"
  3207 ;; Parameters:    Size  Location     Type
  3208 ;;		None
  3209 ;; Auto vars:     Size  Location     Type
  3210 ;;		None
  3211 ;; Return value:  Size  Location     Type
  3212 ;;                  1    wreg      void 
  3213 ;; Registers used:
  3214 ;;		wreg, status,2
  3215 ;; Tracked objects:
  3216 ;;		On entry : 0/0
  3217 ;;		On exit  : 0/0
  3218 ;;		Unchanged: 0/0
  3219 ;; Data sizes:     COMMON   BANK0   BANK1   BANK3   BANK2
  3220 ;;      Params:         0       0       0       0       0
  3221 ;;      Locals:         0       0       0       0       0
  3222 ;;      Temps:          0       0       0       0       0
  3223 ;;      Totals:         0       0       0       0       0
  3224 ;;Total ram usage:        0 bytes
  3225 ;; Hardware stack levels used: 1
  3226 ;; Hardware stack levels required when called: 1
  3227 ;; This function calls:
  3228 ;;		Nothing
  3229 ;; This function is called by:
  3230 ;;		_init_config
  3231 ;; This function uses a non-reentrant model
  3232 ;;
  3233                           
  3234     0EA3                     _init_matrix_keypad:	
  3235                           ;psect for function _init_matrix_keypad
  3236                           
  3237     0EA3                     l1546:	
  3238                           ;incstack = 0
  3239                           ; Regs used in _init_matrix_keypad: [wreg+status,2]
  3240                           
  3241                           
  3242                           ;matrix_keypad.c: 8:     TRISB = TRISB | 0x07;
  3243     0EA3  1683               	bsf	3,5	;RP0=1, select bank1
  3244     0EA4  1303               	bcf	3,6	;RP1=0, select bank1
  3245     0EA5  0806               	movf	6,w	;volatile
  3246     0EA6  3807               	iorlw	7
  3247     0EA7  0086               	movwf	6	;volatile
  3248                           
  3249                           ;matrix_keypad.c: 12:     TRISD = TRISD & 0xF0;
  3250     0EA8  0808               	movf	8,w	;volatile
  3251     0EA9  39F0               	andlw	240
  3252     0EAA  0088               	movwf	8	;volatile
  3253     0EAB                     l1548:
  3254                           
  3255                           ;matrix_keypad.c: 15:    OPTION_REGbits.nRBPU = 1;
  3256     0EAB  1781               	bsf	1,7	;volatile
  3257     0EAC                     l1550:
  3258                           
  3259                           ;matrix_keypad.c: 19:     RD3 = 1;
  3260     0EAC  1283               	bcf	3,5	;RP0=0, select bank0
  3261     0EAD  1303               	bcf	3,6	;RP1=0, select bank0
  3262     0EAE  1588               	bsf	8,3	;volatile
  3263     0EAF                     l1552:
  3264                           
  3265                           ;matrix_keypad.c: 20:     RD2 = 1;
  3266     0EAF  1508               	bsf	8,2	;volatile
  3267     0EB0                     l1554:
  3268                           
  3269                           ;matrix_keypad.c: 21:     RD1 = 1;
  3270     0EB0  1488               	bsf	8,1	;volatile
  3271     0EB1                     l1556:
  3272                           
  3273                           ;matrix_keypad.c: 22:     RD0 = 1;
  3274     0EB1  1408               	bsf	8,0	;volatile
  3275     0EB2                     l140:
  3276     0EB2  0008               	return
  3277     0EB3                     __end_of_init_matrix_keypad:
  3278                           
  3279                           	psect	text9
  3280     0E98                     __ptext9:	
  3281 ;; *************** function _init_clcd *****************
  3282 ;; Defined at:
  3283 ;;		line 44 in file "clcd.c"
  3284 ;; Parameters:    Size  Location     Type
  3285 ;;		None
  3286 ;; Auto vars:     Size  Location     Type
  3287 ;;		None
  3288 ;; Return value:  Size  Location     Type
  3289 ;;                  1    wreg      void 
  3290 ;; Registers used:
  3291 ;;		wreg, status,2, status,0, pclath, cstack
  3292 ;; Tracked objects:
  3293 ;;		On entry : 0/0
  3294 ;;		On exit  : 0/0
  3295 ;;		Unchanged: 0/0
  3296 ;; Data sizes:     COMMON   BANK0   BANK1   BANK3   BANK2
  3297 ;;      Params:         0       0       0       0       0
  3298 ;;      Locals:         0       0       0       0       0
  3299 ;;      Temps:          0       0       0       0       0
  3300 ;;      Totals:         0       0       0       0       0
  3301 ;;Total ram usage:        0 bytes
  3302 ;; Hardware stack levels used: 1
  3303 ;; Hardware stack levels required when called: 3
  3304 ;; This function calls:
  3305 ;;		_init_display_controller
  3306 ;; This function is called by:
  3307 ;;		_init_config
  3308 ;; This function uses a non-reentrant model
  3309 ;;
  3310                           
  3311     0E98                     _init_clcd:	
  3312                           ;psect for function _init_clcd
  3313                           
  3314     0E98                     l2168:	
  3315                           ;incstack = 0
  3316                           ; Regs used in _init_clcd: [wreg+status,2+status,0+pclath+cstack]
  3317                           
  3318                           
  3319                           ;clcd.c: 47:     TRISD = 0x00;
  3320     0E98  1683               	bsf	3,5	;RP0=1, select bank1
  3321     0E99  1303               	bcf	3,6	;RP1=0, select bank1
  3322     0E9A  0188               	clrf	8	;volatile
  3323     0E9B                     l2170:
  3324                           
  3325                           ;clcd.c: 50:     TRISE2 = 0;
  3326     0E9B  1109               	bcf	9,2	;volatile
  3327     0E9C                     l2172:
  3328                           
  3329                           ;clcd.c: 51:     TRISE1 = 0;
  3330     0E9C  1089               	bcf	9,1	;volatile
  3331     0E9D                     l2174:
  3332                           
  3333                           ;clcd.c: 53:     init_display_controller();
  3334     0E9D  120A  118A  2766  120A  158A  	fcall	_init_display_controller
  3335     0EA2                     l23:
  3336     0EA2  0008               	return
  3337     0EA3                     __end_of_init_clcd:
  3338                           
  3339                           	psect	text10
  3340     0766                     __ptext10:	
  3341 ;; *************** function _init_display_controller *****************
  3342 ;; Defined at:
  3343 ;;		line 21 in file "clcd.c"
  3344 ;; Parameters:    Size  Location     Type
  3345 ;;		None
  3346 ;; Auto vars:     Size  Location     Type
  3347 ;;		None
  3348 ;; Return value:  Size  Location     Type
  3349 ;;                  1    wreg      void 
  3350 ;; Registers used:
  3351 ;;		wreg, status,2, status,0, pclath, cstack
  3352 ;; Tracked objects:
  3353 ;;		On entry : 0/0
  3354 ;;		On exit  : 0/0
  3355 ;;		Unchanged: 0/0
  3356 ;; Data sizes:     COMMON   BANK0   BANK1   BANK3   BANK2
  3357 ;;      Params:         0       0       0       0       0
  3358 ;;      Locals:         0       0       0       0       0
  3359 ;;      Temps:          2       0       0       0       0
  3360 ;;      Totals:         2       0       0       0       0
  3361 ;;Total ram usage:        2 bytes
  3362 ;; Hardware stack levels used: 1
  3363 ;; Hardware stack levels required when called: 2
  3364 ;; This function calls:
  3365 ;;		_clcd_write
  3366 ;; This function is called by:
  3367 ;;		_init_clcd
  3368 ;; This function uses a non-reentrant model
  3369 ;;
  3370                           
  3371     0766                     _init_display_controller:	
  3372                           ;psect for function _init_display_controller
  3373                           
  3374     0766                     l2144:	
  3375                           ;incstack = 0
  3376                           ; Regs used in _init_display_controller: [wreg+status,2+status,0+pclath+cstack]
  3377                           
  3378                           
  3379                           ;clcd.c: 24:     _delay((unsigned long)((30)*(20000000/4000.0)));
  3380     0766  30C3               	movlw	195
  3381     0767  00F7               	movwf	??_init_display_controller+1
  3382     0768  30CD               	movlw	205
  3383     0769  00F6               	movwf	??_init_display_controller
  3384     076A                     u2537:
  3385     076A  0BF6               	decfsz	??_init_display_controller,f
  3386     076B  2F6A               	goto	u2537
  3387     076C  0BF7               	decfsz	??_init_display_controller+1,f
  3388     076D  2F6A               	goto	u2537
  3389     076E                     l2146:
  3390                           
  3391                           ;clcd.c: 27:     clcd_write(0x33, 0);
  3392     076E  01F2               	clrf	clcd_write@mode
  3393     076F  3033               	movlw	51
  3394     0770  120A  118A  27C9  120A  118A  	fcall	_clcd_write
  3395     0775                     l2148:
  3396                           
  3397                           ;clcd.c: 28:     _delay((unsigned long)((4100)*(20000000/4000000.0)));
  3398     0775  301B               	movlw	27
  3399     0776  00F7               	movwf	??_init_display_controller+1
  3400     0777  309E               	movlw	158
  3401     0778  00F6               	movwf	??_init_display_controller
  3402     0779                     u2547:
  3403     0779  0BF6               	decfsz	??_init_display_controller,f
  3404     077A  2F79               	goto	u2547
  3405     077B  0BF7               	decfsz	??_init_display_controller+1,f
  3406     077C  2F79               	goto	u2547
  3407     077D  0000               	nop
  3408                           
  3409                           ;clcd.c: 29:     clcd_write(0x33, 0);
  3410     077E  01F2               	clrf	clcd_write@mode
  3411     077F  3033               	movlw	51
  3412     0780  120A  118A  27C9  120A  118A  	fcall	_clcd_write
  3413     0785                     l2150:
  3414                           
  3415                           ;clcd.c: 30:     _delay((unsigned long)((100)*(20000000/4000000.0)));
  3416     0785  30A6               	movlw	166
  3417     0786  00F6               	movwf	??_init_display_controller
  3418     0787                     u2557:
  3419     0787  0BF6               	decfsz	??_init_display_controller,f
  3420     0788  2F87               	goto	u2557
  3421     0789  0000               	nop
  3422     078A                     l2152:
  3423                           
  3424                           ;clcd.c: 31:     clcd_write(0x33, 0);
  3425     078A  01F2               	clrf	clcd_write@mode
  3426     078B  3033               	movlw	51
  3427     078C  120A  118A  27C9  120A  118A  	fcall	_clcd_write
  3428     0791                     l2154:
  3429                           
  3430                           ;clcd.c: 32:     _delay((unsigned long)((1)*(20000000/4000000.0)));
  3431     0791  2F92               	nop2	;2 cycle nop
  3432     0792  2F93               	nop2	;2 cycle nop
  3433     0793  0000               	nop
  3434     0794                     l2156:
  3435                           
  3436                           ;clcd.c: 34:     clcd_write(0x02, 0);
  3437     0794  01F2               	clrf	clcd_write@mode
  3438     0795  3002               	movlw	2
  3439     0796  120A  118A  27C9  120A  118A  	fcall	_clcd_write
  3440     079B                     l2158:
  3441                           
  3442                           ;clcd.c: 35:     _delay((unsigned long)((100)*(20000000/4000000.0)));
  3443     079B  30A6               	movlw	166
  3444     079C  00F6               	movwf	??_init_display_controller
  3445     079D                     u2567:
  3446     079D  0BF6               	decfsz	??_init_display_controller,f
  3447     079E  2F9D               	goto	u2567
  3448     079F  0000               	nop
  3449                           
  3450                           ;clcd.c: 36:     clcd_write(0x28, 0);
  3451     07A0  01F2               	clrf	clcd_write@mode
  3452     07A1  3028               	movlw	40
  3453     07A2  120A  118A  27C9  120A  118A  	fcall	_clcd_write
  3454     07A7                     l2160:
  3455                           
  3456                           ;clcd.c: 37:     _delay((unsigned long)((100)*(20000000/4000000.0)));
  3457     07A7  30A6               	movlw	166
  3458     07A8  00F6               	movwf	??_init_display_controller
  3459     07A9                     u2577:
  3460     07A9  0BF6               	decfsz	??_init_display_controller,f
  3461     07AA  2FA9               	goto	u2577
  3462     07AB  0000               	nop
  3463     07AC                     l2162:
  3464                           
  3465                           ;clcd.c: 38:     clcd_write(0x01, 0);
  3466     07AC  01F2               	clrf	clcd_write@mode
  3467     07AD  3001               	movlw	1
  3468     07AE  120A  118A  27C9  120A  118A  	fcall	_clcd_write
  3469                           
  3470                           ;clcd.c: 39:     _delay((unsigned long)((500)*(20000000/4000000.0)));
  3471     07B3  3004               	movlw	4
  3472     07B4  00F7               	movwf	??_init_display_controller+1
  3473     07B5  303D               	movlw	61
  3474     07B6  00F6               	movwf	??_init_display_controller
  3475     07B7                     u2587:
  3476     07B7  0BF6               	decfsz	??_init_display_controller,f
  3477     07B8  2FB7               	goto	u2587
  3478     07B9  0BF7               	decfsz	??_init_display_controller+1,f
  3479     07BA  2FB7               	goto	u2587
  3480     07BB  2FBC               	nop2
  3481     07BC                     l2164:
  3482                           
  3483                           ;clcd.c: 40:     clcd_write(0x0C, 0);
  3484     07BC  01F2               	clrf	clcd_write@mode
  3485     07BD  300C               	movlw	12
  3486     07BE  120A  118A  27C9  120A  118A  	fcall	_clcd_write
  3487     07C3                     l2166:
  3488                           
  3489                           ;clcd.c: 41:     _delay((unsigned long)((100)*(20000000/4000000.0)));
  3490     07C3  30A6               	movlw	166
  3491     07C4  00F6               	movwf	??_init_display_controller
  3492     07C5                     u2597:
  3493     07C5  0BF6               	decfsz	??_init_display_controller,f
  3494     07C6  2FC5               	goto	u2597
  3495     07C7  0000               	nop
  3496     07C8                     l20:
  3497     07C8  0008               	return
  3498     07C9                     __end_of_init_display_controller:
  3499                           
  3500                           	psect	text11
  3501     0E8E                     __ptext11:	
  3502 ;; *************** function _heat_food *****************
  3503 ;; Defined at:
  3504 ;;		line 236 in file "micro_oven.c"
  3505 ;; Parameters:    Size  Location     Type
  3506 ;;		None
  3507 ;; Auto vars:     Size  Location     Type
  3508 ;;		None
  3509 ;; Return value:  Size  Location     Type
  3510 ;;                  1    wreg      void 
  3511 ;; Registers used:
  3512 ;;		status,2
  3513 ;; Tracked objects:
  3514 ;;		On entry : 0/0
  3515 ;;		On exit  : 0/0
  3516 ;;		Unchanged: 0/0
  3517 ;; Data sizes:     COMMON   BANK0   BANK1   BANK3   BANK2
  3518 ;;      Params:         0       0       0       0       0
  3519 ;;      Locals:         0       0       0       0       0
  3520 ;;      Temps:          0       0       0       0       0
  3521 ;;      Totals:         0       0       0       0       0
  3522 ;;Total ram usage:        0 bytes
  3523 ;; Hardware stack levels used: 1
  3524 ;; Hardware stack levels required when called: 1
  3525 ;; This function calls:
  3526 ;;		Nothing
  3527 ;; This function is called by:
  3528 ;;		_main
  3529 ;; This function uses a non-reentrant model
  3530 ;;
  3531                           
  3532     0E8E                     _heat_food:	
  3533                           ;psect for function _heat_food
  3534                           
  3535     0E8E                     l2006:	
  3536                           ;incstack = 0
  3537                           ; Regs used in _heat_food: [status,2]
  3538                           
  3539                           
  3540                           ;micro_oven.c: 238:     sec = 30;
  3541     0E8E  301E               	movlw	30
  3542     0E8F  1283               	bcf	3,5	;RP0=0, select bank0
  3543     0E90  1303               	bcf	3,6	;RP1=0, select bank0
  3544     0E91  00BD               	movwf	_sec
  3545     0E92                     l2008:
  3546                           
  3547                           ;micro_oven.c: 239:     min = 0;
  3548     0E92  01BC               	clrf	_min
  3549     0E93                     l2010:
  3550                           
  3551                           ;micro_oven.c: 240:     TMR2ON = 1;
  3552     0E93  1512               	bsf	18,2	;volatile
  3553     0E94                     l2012:
  3554                           
  3555                           ;micro_oven.c: 241:     RC2 = 1;
  3556     0E94  1507               	bsf	7,2	;volatile
  3557     0E95                     l2014:
  3558                           
  3559                           ;micro_oven.c: 242:     screen_flag = 0x70;
  3560     0E95  3070               	movlw	112
  3561     0E96  00BE               	movwf	_screen_flag
  3562     0E97                     l281:
  3563     0E97  0008               	return
  3564     0E98                     __end_of_heat_food:
  3565                           
  3566                           	psect	text12
  3567     04FF                     __ptext12:	
  3568 ;; *************** function _display_time *****************
  3569 ;; Defined at:
  3570 ;;		line 209 in file "micro_oven.c"
  3571 ;; Parameters:    Size  Location     Type
  3572 ;;		None
  3573 ;; Auto vars:     Size  Location     Type
  3574 ;;		None
  3575 ;; Return value:  Size  Location     Type
  3576 ;;                  1    wreg      void 
  3577 ;; Registers used:
  3578 ;;		wreg, fsr0l, fsr0h, status,2, status,0, pclath, cstack
  3579 ;; Tracked objects:
  3580 ;;		On entry : 0/0
  3581 ;;		On exit  : 0/0
  3582 ;;		Unchanged: 0/0
  3583 ;; Data sizes:     COMMON   BANK0   BANK1   BANK3   BANK2
  3584 ;;      Params:         0       0       0       0       0
  3585 ;;      Locals:         0       0       0       0       0
  3586 ;;      Temps:          0       3       0       0       0
  3587 ;;      Totals:         0       3       0       0       0
  3588 ;;Total ram usage:        3 bytes
  3589 ;; Hardware stack levels used: 1
  3590 ;; Hardware stack levels required when called: 2
  3591 ;; This function calls:
  3592 ;;		___awdiv
  3593 ;;		___awmod
  3594 ;;		_clcd_print
  3595 ;;		_clcd_putch
  3596 ;;		_clear_screen
  3597 ;; This function is called by:
  3598 ;;		_main
  3599 ;; This function uses a non-reentrant model
  3600 ;;
  3601                           
  3602     04FF                     _display_time:	
  3603                           ;psect for function _display_time
  3604                           
  3605     04FF                     l2386:	
  3606                           ;incstack = 0
  3607                           ; Regs used in _display_time: [wreg-fsr0h+status,2+status,0+pclath+cstack]
  3608                           
  3609                           
  3610                           ;micro_oven.c: 211:     clcd_print("TIME = ", (0x80 + 1));
  3611     04FF  30A6               	movlw	(low ((STR_16-__stringbase)| (0+32768)))& (0+255)
  3612     0500  00F6               	movwf	clcd_print@str
  3613     0501  3081               	movlw	129
  3614     0502  00F7               	movwf	clcd_print@addr
  3615     0503  120A  158A  2722  120A  118A  	fcall	_clcd_print
  3616     0508                     l2388:
  3617                           
  3618                           ;micro_oven.c: 212:     clcd_putch( min / 10 + '0', (0x80 + 9));
  3619     0508  3089               	movlw	137
  3620     0509  1283               	bcf	3,5	;RP0=0, select bank0
  3621     050A  1303               	bcf	3,6	;RP1=0, select bank0
  3622     050B  00A8               	movwf	clcd_putch@addr
  3623     050C  300A               	movlw	10
  3624     050D  00F2               	movwf	___awdiv@divisor
  3625     050E  3000               	movlw	0
  3626     050F  00F3               	movwf	___awdiv@divisor+1
  3627     0510  083C               	movf	_min,w
  3628     0511  00A9               	movwf	??_display_time
  3629     0512  01AA               	clrf	??_display_time+1
  3630     0513  0829               	movf	??_display_time,w
  3631     0514  00F4               	movwf	___awdiv@dividend
  3632     0515  082A               	movf	??_display_time+1,w
  3633     0516  00F5               	movwf	___awdiv@dividend+1
  3634     0517  120A  118A  2701  120A  118A  	fcall	___awdiv
  3635     051C  0872               	movf	?___awdiv,w
  3636     051D  3E30               	addlw	48
  3637     051E  120A  158A  26C4  120A  118A  	fcall	_clcd_putch
  3638     0523                     l2390:
  3639                           
  3640                           ;micro_oven.c: 213:     clcd_putch( min % 10 + '0', (0x80 + 10));
  3641     0523  308A               	movlw	138
  3642     0524  1283               	bcf	3,5	;RP0=0, select bank0
  3643     0525  1303               	bcf	3,6	;RP1=0, select bank0
  3644     0526  00A8               	movwf	clcd_putch@addr
  3645     0527  300A               	movlw	10
  3646     0528  00A4               	movwf	___awmod@divisor
  3647     0529  3000               	movlw	0
  3648     052A  00A5               	movwf	___awmod@divisor+1
  3649     052B  083C               	movf	_min,w
  3650     052C  00A9               	movwf	??_display_time
  3651     052D  01AA               	clrf	??_display_time+1
  3652     052E  0829               	movf	??_display_time,w
  3653     052F  00A6               	movwf	___awmod@dividend
  3654     0530  082A               	movf	??_display_time+1,w
  3655     0531  00A7               	movwf	___awmod@dividend+1
  3656     0532  120A  158A  27A7  120A  118A  	fcall	___awmod
  3657     0537  1283               	bcf	3,5	;RP0=0, select bank0
  3658     0538  1303               	bcf	3,6	;RP1=0, select bank0
  3659     0539  0824               	movf	?___awmod,w
  3660     053A  3E30               	addlw	48
  3661     053B  120A  158A  26C4  120A  118A  	fcall	_clcd_putch
  3662     0540                     l2392:
  3663                           
  3664                           ;micro_oven.c: 214:     clcd_putch(':', (0x80 + 11));
  3665     0540  308B               	movlw	139
  3666     0541  1283               	bcf	3,5	;RP0=0, select bank0
  3667     0542  1303               	bcf	3,6	;RP1=0, select bank0
  3668     0543  00A8               	movwf	clcd_putch@addr
  3669     0544  303A               	movlw	58
  3670     0545  120A  158A  26C4  120A  118A  	fcall	_clcd_putch
  3671     054A                     l2394:
  3672                           
  3673                           ;micro_oven.c: 215:     clcd_putch( sec / 10 + '0', (0x80 + 12));
  3674     054A  308C               	movlw	140
  3675     054B  1283               	bcf	3,5	;RP0=0, select bank0
  3676     054C  1303               	bcf	3,6	;RP1=0, select bank0
  3677     054D  00A8               	movwf	clcd_putch@addr
  3678     054E  300A               	movlw	10
  3679     054F  00F2               	movwf	___awdiv@divisor
  3680     0550  3000               	movlw	0
  3681     0551  00F3               	movwf	___awdiv@divisor+1
  3682     0552  083D               	movf	_sec,w
  3683     0553  00A9               	movwf	??_display_time
  3684     0554  01AA               	clrf	??_display_time+1
  3685     0555  0829               	movf	??_display_time,w
  3686     0556  00F4               	movwf	___awdiv@dividend
  3687     0557  082A               	movf	??_display_time+1,w
  3688     0558  00F5               	movwf	___awdiv@dividend+1
  3689     0559  120A  118A  2701  120A  118A  	fcall	___awdiv
  3690     055E  0872               	movf	?___awdiv,w
  3691     055F  3E30               	addlw	48
  3692     0560  120A  158A  26C4  120A  118A  	fcall	_clcd_putch
  3693     0565                     l2396:
  3694                           
  3695                           ;micro_oven.c: 216:     clcd_putch( sec % 10 + '0', (0x80 + 13));
  3696     0565  308D               	movlw	141
  3697     0566  1283               	bcf	3,5	;RP0=0, select bank0
  3698     0567  1303               	bcf	3,6	;RP1=0, select bank0
  3699     0568  00A8               	movwf	clcd_putch@addr
  3700     0569  300A               	movlw	10
  3701     056A  00A4               	movwf	___awmod@divisor
  3702     056B  3000               	movlw	0
  3703     056C  00A5               	movwf	___awmod@divisor+1
  3704     056D  083D               	movf	_sec,w
  3705     056E  00A9               	movwf	??_display_time
  3706     056F  01AA               	clrf	??_display_time+1
  3707     0570  0829               	movf	??_display_time,w
  3708     0571  00A6               	movwf	___awmod@dividend
  3709     0572  082A               	movf	??_display_time+1,w
  3710     0573  00A7               	movwf	___awmod@dividend+1
  3711     0574  120A  158A  27A7  120A  118A  	fcall	___awmod
  3712     0579  1283               	bcf	3,5	;RP0=0, select bank0
  3713     057A  1303               	bcf	3,6	;RP1=0, select bank0
  3714     057B  0824               	movf	?___awmod,w
  3715     057C  3E30               	addlw	48
  3716     057D  120A  158A  26C4  120A  118A  	fcall	_clcd_putch
  3717     0582                     l2398:
  3718                           
  3719                           ;micro_oven.c: 217:     clcd_print("4.START/RESUME", (0xC0 + 2));
  3720     0582  3041               	movlw	(low ((STR_17-__stringbase)| (0+32768)))& (0+255)
  3721     0583  00F6               	movwf	clcd_print@str
  3722     0584  30C2               	movlw	194
  3723     0585  00F7               	movwf	clcd_print@addr
  3724     0586  120A  158A  2722  120A  118A  	fcall	_clcd_print
  3725     058B                     l2400:
  3726                           
  3727                           ;micro_oven.c: 218:     clcd_print("5.PAUSE", (0x90 + 2));
  3728     058B  30AE               	movlw	(low ((STR_18-__stringbase)| (0+32768)))& (0+255)
  3729     058C  00F6               	movwf	clcd_print@str
  3730     058D  3092               	movlw	146
  3731     058E  00F7               	movwf	clcd_print@addr
  3732     058F  120A  158A  2722  120A  118A  	fcall	_clcd_print
  3733     0594                     l2402:
  3734                           
  3735                           ;micro_oven.c: 219:     clcd_print("6.STOP", (0xD0 + 2));
  3736     0594  30CE               	movlw	(low ((STR_19-__stringbase)| (0+32768)))& (0+255)
  3737     0595  00F6               	movwf	clcd_print@str
  3738     0596  30D2               	movlw	210
  3739     0597  00F7               	movwf	clcd_print@addr
  3740     0598  120A  158A  2722  120A  118A  	fcall	_clcd_print
  3741     059D                     l2404:
  3742                           
  3743                           ;micro_oven.c: 221:     if (min == 0 && sec == 0)
  3744     059D  1283               	bcf	3,5	;RP0=0, select bank0
  3745     059E  1303               	bcf	3,6	;RP1=0, select bank0
  3746     059F  083C               	movf	_min,w
  3747     05A0  1D03               	btfss	3,2
  3748     05A1  2DA3               	goto	u2251
  3749     05A2  2DA4               	goto	u2250
  3750     05A3                     u2251:
  3751     05A3  2DDB               	goto	l278
  3752     05A4                     u2250:
  3753     05A4                     l2406:
  3754     05A4  083D               	movf	_sec,w
  3755     05A5  1D03               	btfss	3,2
  3756     05A6  2DA8               	goto	u2261
  3757     05A7  2DA9               	goto	u2260
  3758     05A8                     u2261:
  3759     05A8  2DDB               	goto	l278
  3760     05A9                     u2260:
  3761     05A9                     l2408:
  3762                           
  3763                           ;micro_oven.c: 222:     {;micro_oven.c: 223:         clear_screen();
  3764     05A9  120A  158A  26B3  120A  118A  	fcall	_clear_screen
  3765     05AE                     l2410:
  3766                           
  3767                           ;micro_oven.c: 224:         TMR2ON = 0;
  3768     05AE  1283               	bcf	3,5	;RP0=0, select bank0
  3769     05AF  1303               	bcf	3,6	;RP1=0, select bank0
  3770     05B0  1112               	bcf	18,2	;volatile
  3771     05B1                     l2412:
  3772                           
  3773                           ;micro_oven.c: 225:         RC2 = 0;
  3774     05B1  1107               	bcf	7,2	;volatile
  3775     05B2                     l2414:
  3776                           
  3777                           ;micro_oven.c: 226:         clcd_print("TIME UP!!!", (0xC0 + 4));
  3778     05B2  3091               	movlw	(low ((STR_20-__stringbase)| (0+32768)))& (0+255)
  3779     05B3  00F6               	movwf	clcd_print@str
  3780     05B4  30C4               	movlw	196
  3781     05B5  00F7               	movwf	clcd_print@addr
  3782     05B6  120A  158A  2722  120A  118A  	fcall	_clcd_print
  3783     05BB                     l2416:
  3784                           
  3785                           ;micro_oven.c: 227:         clcd_print("Enjoy your meal", (0x90 + 0));
  3786     05BB  3022               	movlw	(low ((STR_21-__stringbase)| (0+32768)))& (0+255)
  3787     05BC  00F6               	movwf	clcd_print@str
  3788     05BD  3090               	movlw	144
  3789     05BE  00F7               	movwf	clcd_print@addr
  3790     05BF  120A  158A  2722  120A  118A  	fcall	_clcd_print
  3791     05C4                     l2418:
  3792                           
  3793                           ;micro_oven.c: 230:         _delay((unsigned long)((2000)*(20000000/4000.0)));
  3794     05C4  3033               	movlw	51
  3795     05C5  1283               	bcf	3,5	;RP0=0, select bank0
  3796     05C6  1303               	bcf	3,6	;RP1=0, select bank0
  3797     05C7  00AB               	movwf	??_display_time+2
  3798     05C8  30BB               	movlw	187
  3799     05C9  00AA               	movwf	??_display_time+1
  3800     05CA  30DF               	movlw	223
  3801     05CB  00A9               	movwf	??_display_time
  3802     05CC                     u2607:
  3803     05CC  0BA9               	decfsz	??_display_time,f
  3804     05CD  2DCC               	goto	u2607
  3805     05CE  0BAA               	decfsz	??_display_time+1,f
  3806     05CF  2DCC               	goto	u2607
  3807     05D0  0BAB               	decfsz	??_display_time+2,f
  3808     05D1  2DCC               	goto	u2607
  3809     05D2                     l2420:
  3810                           
  3811                           ;micro_oven.c: 231:         clear_screen();
  3812     05D2  120A  158A  26B3  120A  118A  	fcall	_clear_screen
  3813     05D7                     l2422:
  3814                           
  3815                           ;micro_oven.c: 232:         screen_flag = 0x20;
  3816     05D7  3020               	movlw	32
  3817     05D8  1283               	bcf	3,5	;RP0=0, select bank0
  3818     05D9  1303               	bcf	3,6	;RP1=0, select bank0
  3819     05DA  00BE               	movwf	_screen_flag
  3820     05DB                     l278:
  3821     05DB  0008               	return
  3822     05DC                     __end_of_display_time:
  3823                           
  3824                           	psect	text13
  3825     0EB3                     __ptext13:	
  3826 ;; *************** function _clear_screen *****************
  3827 ;; Defined at:
  3828 ;;		line 73 in file "clcd.c"
  3829 ;; Parameters:    Size  Location     Type
  3830 ;;		None
  3831 ;; Auto vars:     Size  Location     Type
  3832 ;;		None
  3833 ;; Return value:  Size  Location     Type
  3834 ;;                  1    wreg      void 
  3835 ;; Registers used:
  3836 ;;		wreg, status,2, status,0, pclath, cstack
  3837 ;; Tracked objects:
  3838 ;;		On entry : 0/0
  3839 ;;		On exit  : 0/0
  3840 ;;		Unchanged: 0/0
  3841 ;; Data sizes:     COMMON   BANK0   BANK1   BANK3   BANK2
  3842 ;;      Params:         0       0       0       0       0
  3843 ;;      Locals:         0       0       0       0       0
  3844 ;;      Temps:          2       0       0       0       0
  3845 ;;      Totals:         2       0       0       0       0
  3846 ;;Total ram usage:        2 bytes
  3847 ;; Hardware stack levels used: 1
  3848 ;; Hardware stack levels required when called: 1
  3849 ;; This function calls:
  3850 ;;		_clcd_write
  3851 ;; This function is called by:
  3852 ;;		_main
  3853 ;;		_set_time
  3854 ;;		_set_temp
  3855 ;;		_display_time
  3856 ;; This function uses a non-reentrant model
  3857 ;;
  3858                           
  3859     0EB3                     _clear_screen:	
  3860                           ;psect for function _clear_screen
  3861                           
  3862     0EB3                     l2186:	
  3863                           ;incstack = 0
  3864                           ; Regs used in _clear_screen: [wreg+status,2+status,0+pclath+cstack]
  3865                           
  3866                           
  3867                           ;clcd.c: 75:     clcd_write(0x01, 0);
  3868     0EB3  01F2               	clrf	clcd_write@mode
  3869     0EB4  3001               	movlw	1
  3870     0EB5  120A  118A  27C9  120A  158A  	fcall	_clcd_write
  3871     0EBA                     l2188:
  3872                           
  3873                           ;clcd.c: 76:     _delay((unsigned long)((500)*(20000000/4000000.0)));
  3874     0EBA  3004               	movlw	4
  3875     0EBB  00F7               	movwf	??_clear_screen+1
  3876     0EBC  303D               	movlw	61
  3877     0EBD  00F6               	movwf	??_clear_screen
  3878     0EBE                     u2617:
  3879     0EBE  0BF6               	decfsz	??_clear_screen,f
  3880     0EBF  2EBE               	goto	u2617
  3881     0EC0  0BF7               	decfsz	??_clear_screen+1,f
  3882     0EC1  2EBE               	goto	u2617
  3883     0EC2  2EC3               	nop2
  3884     0EC3                     l35:
  3885     0EC3  0008               	return
  3886     0EC4                     __end_of_clear_screen:
  3887                           
  3888                           	psect	text14
  3889     0FA7                     __ptext14:	
  3890 ;; *************** function ___awmod *****************
  3891 ;; Defined at:
  3892 ;;		line 5 in file "C:\Program Files\Microchip\xc8\v3.10\pic\sources\c99\common\awmod.c"
  3893 ;; Parameters:    Size  Location     Type
  3894 ;;  divisor         2    4[BANK0 ] int 
  3895 ;;  dividend        2    6[BANK0 ] int 
  3896 ;; Auto vars:     Size  Location     Type
  3897 ;;  sign            1    7[COMMON] unsigned char 
  3898 ;;  counter         1    6[COMMON] unsigned char 
  3899 ;; Return value:  Size  Location     Type
  3900 ;;                  2    4[BANK0 ] int 
  3901 ;; Registers used:
  3902 ;;		wreg, status,2, status,0
  3903 ;; Tracked objects:
  3904 ;;		On entry : 0/0
  3905 ;;		On exit  : 0/0
  3906 ;;		Unchanged: 0/0
  3907 ;; Data sizes:     COMMON   BANK0   BANK1   BANK3   BANK2
  3908 ;;      Params:         0       4       0       0       0
  3909 ;;      Locals:         2       0       0       0       0
  3910 ;;      Temps:          0       0       0       0       0
  3911 ;;      Totals:         2       4       0       0       0
  3912 ;;Total ram usage:        6 bytes
  3913 ;; Hardware stack levels used: 1
  3914 ;; Hardware stack levels required when called: 1
  3915 ;; This function calls:
  3916 ;;		Nothing
  3917 ;; This function is called by:
  3918 ;;		_set_temp
  3919 ;;		_set_time
  3920 ;;		_display_time
  3921 ;; This function uses a non-reentrant model
  3922 ;;
  3923                           
  3924     0FA7                     ___awmod:	
  3925                           ;psect for function ___awmod
  3926                           
  3927     0FA7                     l2234:	
  3928                           ;incstack = 0
  3929                           ; Regs used in ___awmod: [wreg+status,2+status,0]
  3930                           
  3931     0FA7  01F7               	clrf	___awmod@sign
  3932     0FA8                     l2236:
  3933     0FA8  1283               	bcf	3,5	;RP0=0, select bank0
  3934     0FA9  1303               	bcf	3,6	;RP1=0, select bank0
  3935     0FAA  1FA7               	btfss	___awmod@dividend+1,7
  3936     0FAB  2FAD               	goto	u1991
  3937     0FAC  2FAE               	goto	u1990
  3938     0FAD                     u1991:
  3939     0FAD  2FB5               	goto	l2242
  3940     0FAE                     u1990:
  3941     0FAE                     l2238:
  3942     0FAE  09A6               	comf	___awmod@dividend,f
  3943     0FAF  09A7               	comf	___awmod@dividend+1,f
  3944     0FB0  0AA6               	incf	___awmod@dividend,f
  3945     0FB1  1903               	skipnz
  3946     0FB2  0AA7               	incf	___awmod@dividend+1,f
  3947     0FB3                     l2240:
  3948     0FB3  3001               	movlw	1
  3949     0FB4  00F7               	movwf	___awmod@sign
  3950     0FB5                     l2242:
  3951     0FB5  1FA5               	btfss	___awmod@divisor+1,7
  3952     0FB6  2FB8               	goto	u2001
  3953     0FB7  2FB9               	goto	u2000
  3954     0FB8                     u2001:
  3955     0FB8  2FBE               	goto	l2246
  3956     0FB9                     u2000:
  3957     0FB9                     l2244:
  3958     0FB9  09A4               	comf	___awmod@divisor,f
  3959     0FBA  09A5               	comf	___awmod@divisor+1,f
  3960     0FBB  0AA4               	incf	___awmod@divisor,f
  3961     0FBC  1903               	skipnz
  3962     0FBD  0AA5               	incf	___awmod@divisor+1,f
  3963     0FBE                     l2246:
  3964     0FBE  0824               	movf	___awmod@divisor,w
  3965     0FBF  0425               	iorwf	___awmod@divisor+1,w
  3966     0FC0  1903               	btfsc	3,2
  3967     0FC1  2FC3               	goto	u2011
  3968     0FC2  2FC4               	goto	u2010
  3969     0FC3                     u2011:
  3970     0FC3  2FF1               	goto	l2264
  3971     0FC4                     u2010:
  3972     0FC4                     l2248:
  3973     0FC4  3001               	movlw	1
  3974     0FC5  00F6               	movwf	___awmod@counter
  3975     0FC6  2FD0               	goto	l2254
  3976     0FC7                     l2250:
  3977     0FC7  3001               	movlw	1
  3978     0FC8                     u2025:
  3979     0FC8  1003               	clrc
  3980     0FC9  0DA4               	rlf	___awmod@divisor,f
  3981     0FCA  0DA5               	rlf	___awmod@divisor+1,f
  3982     0FCB  3EFF               	addlw	-1
  3983     0FCC  1D03               	skipz
  3984     0FCD  2FC8               	goto	u2025
  3985     0FCE                     l2252:
  3986     0FCE  3001               	movlw	1
  3987     0FCF  07F6               	addwf	___awmod@counter,f
  3988     0FD0                     l2254:
  3989     0FD0  1FA5               	btfss	___awmod@divisor+1,7
  3990     0FD1  2FD3               	goto	u2031
  3991     0FD2  2FD4               	goto	u2030
  3992     0FD3                     u2031:
  3993     0FD3  2FC7               	goto	l2250
  3994     0FD4                     u2030:
  3995     0FD4                     l2256:
  3996     0FD4  0825               	movf	___awmod@divisor+1,w
  3997     0FD5  0227               	subwf	___awmod@dividend+1,w
  3998     0FD6  1D03               	skipz
  3999     0FD7  2FDA               	goto	u2045
  4000     0FD8  0824               	movf	___awmod@divisor,w
  4001     0FD9  0226               	subwf	___awmod@dividend,w
  4002     0FDA                     u2045:
  4003     0FDA  1C03               	skipc
  4004     0FDB  2FDD               	goto	u2041
  4005     0FDC  2FDE               	goto	u2040
  4006     0FDD                     u2041:
  4007     0FDD  2FE4               	goto	l2260
  4008     0FDE                     u2040:
  4009     0FDE                     l2258:
  4010     0FDE  0824               	movf	___awmod@divisor,w
  4011     0FDF  02A6               	subwf	___awmod@dividend,f
  4012     0FE0  0825               	movf	___awmod@divisor+1,w
  4013     0FE1  1C03               	skipc
  4014     0FE2  03A7               	decf	___awmod@dividend+1,f
  4015     0FE3  02A7               	subwf	___awmod@dividend+1,f
  4016     0FE4                     l2260:
  4017     0FE4  3001               	movlw	1
  4018     0FE5                     u2055:
  4019     0FE5  1003               	clrc
  4020     0FE6  0CA5               	rrf	___awmod@divisor+1,f
  4021     0FE7  0CA4               	rrf	___awmod@divisor,f
  4022     0FE8  3EFF               	addlw	-1
  4023     0FE9  1D03               	skipz
  4024     0FEA  2FE5               	goto	u2055
  4025     0FEB                     l2262:
  4026     0FEB  3001               	movlw	1
  4027     0FEC  02F6               	subwf	___awmod@counter,f
  4028     0FED  1D03               	btfss	3,2
  4029     0FEE  2FF0               	goto	u2061
  4030     0FEF  2FF1               	goto	u2060
  4031     0FF0                     u2061:
  4032     0FF0  2FD4               	goto	l2256
  4033     0FF1                     u2060:
  4034     0FF1                     l2264:
  4035     0FF1  0877               	movf	___awmod@sign,w
  4036     0FF2  1903               	btfsc	3,2
  4037     0FF3  2FF5               	goto	u2071
  4038     0FF4  2FF6               	goto	u2070
  4039     0FF5                     u2071:
  4040     0FF5  2FFB               	goto	l2268
  4041     0FF6                     u2070:
  4042     0FF6                     l2266:
  4043     0FF6  09A6               	comf	___awmod@dividend,f
  4044     0FF7  09A7               	comf	___awmod@dividend+1,f
  4045     0FF8  0AA6               	incf	___awmod@dividend,f
  4046     0FF9  1903               	skipnz
  4047     0FFA  0AA7               	incf	___awmod@dividend+1,f
  4048     0FFB                     l2268:
  4049     0FFB  0827               	movf	___awmod@dividend+1,w
  4050     0FFC  00A5               	movwf	?___awmod+1
  4051     0FFD  0826               	movf	___awmod@dividend,w
  4052     0FFE  00A4               	movwf	?___awmod
  4053     0FFF                     l554:
  4054     0FFF  0008               	return
  4055     1000                     __end_of___awmod:
  4056                           
  4057                           	psect	text15
  4058     0701                     __ptext15:	
  4059 ;; *************** function ___awdiv *****************
  4060 ;; Defined at:
  4061 ;;		line 5 in file "C:\Program Files\Microchip\xc8\v3.10\pic\sources\c99\common\awdiv.c"
  4062 ;; Parameters:    Size  Location     Type
  4063 ;;  divisor         2    2[COMMON] int 
  4064 ;;  dividend        2    4[COMMON] int 
  4065 ;; Auto vars:     Size  Location     Type
  4066 ;;  quotient        2    2[BANK0 ] int 
  4067 ;;  sign            1    1[BANK0 ] unsigned char 
  4068 ;;  counter         1    0[BANK0 ] unsigned char 
  4069 ;; Return value:  Size  Location     Type
  4070 ;;                  2    2[COMMON] int 
  4071 ;; Registers used:
  4072 ;;		wreg, status,2, status,0
  4073 ;; Tracked objects:
  4074 ;;		On entry : 0/0
  4075 ;;		On exit  : 0/0
  4076 ;;		Unchanged: 0/0
  4077 ;; Data sizes:     COMMON   BANK0   BANK1   BANK3   BANK2
  4078 ;;      Params:         4       0       0       0       0
  4079 ;;      Locals:         0       4       0       0       0
  4080 ;;      Temps:          0       0       0       0       0
  4081 ;;      Totals:         4       4       0       0       0
  4082 ;;Total ram usage:        8 bytes
  4083 ;; Hardware stack levels used: 1
  4084 ;; Hardware stack levels required when called: 1
  4085 ;; This function calls:
  4086 ;;		Nothing
  4087 ;; This function is called by:
  4088 ;;		_set_temp
  4089 ;;		_set_time
  4090 ;;		_display_time
  4091 ;; This function uses a non-reentrant model
  4092 ;;
  4093                           
  4094     0701                     ___awdiv:	
  4095                           ;psect for function ___awdiv
  4096                           
  4097     0701                     l2190:	
  4098                           ;incstack = 0
  4099                           ; Regs used in ___awdiv: [wreg+status,2+status,0]
  4100                           
  4101     0701  1283               	bcf	3,5	;RP0=0, select bank0
  4102     0702  1303               	bcf	3,6	;RP1=0, select bank0
  4103     0703  01A1               	clrf	___awdiv@sign
  4104     0704                     l2192:
  4105     0704  1FF3               	btfss	___awdiv@divisor+1,7
  4106     0705  2F07               	goto	u1891
  4107     0706  2F08               	goto	u1890
  4108     0707                     u1891:
  4109     0707  2F0F               	goto	l2198
  4110     0708                     u1890:
  4111     0708                     l2194:
  4112     0708  09F2               	comf	___awdiv@divisor,f
  4113     0709  09F3               	comf	___awdiv@divisor+1,f
  4114     070A  0AF2               	incf	___awdiv@divisor,f
  4115     070B  1903               	skipnz
  4116     070C  0AF3               	incf	___awdiv@divisor+1,f
  4117     070D                     l2196:
  4118     070D  3001               	movlw	1
  4119     070E  00A1               	movwf	___awdiv@sign
  4120     070F                     l2198:
  4121     070F  1FF5               	btfss	___awdiv@dividend+1,7
  4122     0710  2F12               	goto	u1901
  4123     0711  2F13               	goto	u1900
  4124     0712                     u1901:
  4125     0712  2F1A               	goto	l2204
  4126     0713                     u1900:
  4127     0713                     l2200:
  4128     0713  09F4               	comf	___awdiv@dividend,f
  4129     0714  09F5               	comf	___awdiv@dividend+1,f
  4130     0715  0AF4               	incf	___awdiv@dividend,f
  4131     0716  1903               	skipnz
  4132     0717  0AF5               	incf	___awdiv@dividend+1,f
  4133     0718                     l2202:
  4134     0718  3001               	movlw	1
  4135     0719  06A1               	xorwf	___awdiv@sign,f
  4136     071A                     l2204:
  4137     071A  01A2               	clrf	___awdiv@quotient
  4138     071B  01A3               	clrf	___awdiv@quotient+1
  4139     071C                     l2206:
  4140     071C  0872               	movf	___awdiv@divisor,w
  4141     071D  0473               	iorwf	___awdiv@divisor+1,w
  4142     071E  1903               	btfsc	3,2
  4143     071F  2F21               	goto	u1911
  4144     0720  2F22               	goto	u1910
  4145     0721                     u1911:
  4146     0721  2F57               	goto	l2226
  4147     0722                     u1910:
  4148     0722                     l2208:
  4149     0722  3001               	movlw	1
  4150     0723  00A0               	movwf	___awdiv@counter
  4151     0724  2F2E               	goto	l2214
  4152     0725                     l2210:
  4153     0725  3001               	movlw	1
  4154     0726                     u1925:
  4155     0726  1003               	clrc
  4156     0727  0DF2               	rlf	___awdiv@divisor,f
  4157     0728  0DF3               	rlf	___awdiv@divisor+1,f
  4158     0729  3EFF               	addlw	-1
  4159     072A  1D03               	skipz
  4160     072B  2F26               	goto	u1925
  4161     072C                     l2212:
  4162     072C  3001               	movlw	1
  4163     072D  07A0               	addwf	___awdiv@counter,f
  4164     072E                     l2214:
  4165     072E  1FF3               	btfss	___awdiv@divisor+1,7
  4166     072F  2F31               	goto	u1931
  4167     0730  2F32               	goto	u1930
  4168     0731                     u1931:
  4169     0731  2F25               	goto	l2210
  4170     0732                     u1930:
  4171     0732                     l2216:
  4172     0732  3001               	movlw	1
  4173     0733                     u1945:
  4174     0733  1003               	clrc
  4175     0734  0DA2               	rlf	___awdiv@quotient,f
  4176     0735  0DA3               	rlf	___awdiv@quotient+1,f
  4177     0736  3EFF               	addlw	-1
  4178     0737  1D03               	skipz
  4179     0738  2F33               	goto	u1945
  4180     0739  0873               	movf	___awdiv@divisor+1,w
  4181     073A  0275               	subwf	___awdiv@dividend+1,w
  4182     073B  1D03               	skipz
  4183     073C  2F3F               	goto	u1955
  4184     073D  0872               	movf	___awdiv@divisor,w
  4185     073E  0274               	subwf	___awdiv@dividend,w
  4186     073F                     u1955:
  4187     073F  1C03               	skipc
  4188     0740  2F42               	goto	u1951
  4189     0741  2F43               	goto	u1950
  4190     0742                     u1951:
  4191     0742  2F4A               	goto	l2222
  4192     0743                     u1950:
  4193     0743                     l2218:
  4194     0743  0872               	movf	___awdiv@divisor,w
  4195     0744  02F4               	subwf	___awdiv@dividend,f
  4196     0745  0873               	movf	___awdiv@divisor+1,w
  4197     0746  1C03               	skipc
  4198     0747  03F5               	decf	___awdiv@dividend+1,f
  4199     0748  02F5               	subwf	___awdiv@dividend+1,f
  4200     0749                     l2220:
  4201     0749  1422               	bsf	___awdiv@quotient,0
  4202     074A                     l2222:
  4203     074A  3001               	movlw	1
  4204     074B                     u1965:
  4205     074B  1003               	clrc
  4206     074C  0CF3               	rrf	___awdiv@divisor+1,f
  4207     074D  0CF2               	rrf	___awdiv@divisor,f
  4208     074E  3EFF               	addlw	-1
  4209     074F  1D03               	skipz
  4210     0750  2F4B               	goto	u1965
  4211     0751                     l2224:
  4212     0751  3001               	movlw	1
  4213     0752  02A0               	subwf	___awdiv@counter,f
  4214     0753  1D03               	btfss	3,2
  4215     0754  2F56               	goto	u1971
  4216     0755  2F57               	goto	u1970
  4217     0756                     u1971:
  4218     0756  2F32               	goto	l2216
  4219     0757                     u1970:
  4220     0757                     l2226:
  4221     0757  0821               	movf	___awdiv@sign,w
  4222     0758  1903               	btfsc	3,2
  4223     0759  2F5B               	goto	u1981
  4224     075A  2F5C               	goto	u1980
  4225     075B                     u1981:
  4226     075B  2F61               	goto	l2230
  4227     075C                     u1980:
  4228     075C                     l2228:
  4229     075C  09A2               	comf	___awdiv@quotient,f
  4230     075D  09A3               	comf	___awdiv@quotient+1,f
  4231     075E  0AA2               	incf	___awdiv@quotient,f
  4232     075F  1903               	skipnz
  4233     0760  0AA3               	incf	___awdiv@quotient+1,f
  4234     0761                     l2230:
  4235     0761  0823               	movf	___awdiv@quotient+1,w
  4236     0762  00F3               	movwf	?___awdiv+1
  4237     0763  0822               	movf	___awdiv@quotient,w
  4238     0764  00F2               	movwf	?___awdiv
  4239     0765                     l541:
  4240     0765  0008               	return
  4241     0766                     __end_of___awdiv:
  4242                           
  4243                           	psect	text16
  4244     0697                     __ptext16:	
  4245 ;; *************** function _display_power_screen *****************
  4246 ;; Defined at:
  4247 ;;		line 13 in file "micro_oven.c"
  4248 ;; Parameters:    Size  Location     Type
  4249 ;;		None
  4250 ;; Auto vars:     Size  Location     Type
  4251 ;;  i               1   13[BANK0 ] unsigned char 
  4252 ;;  i               1   12[BANK0 ] unsigned char 
  4253 ;; Return value:  Size  Location     Type
  4254 ;;                  1    wreg      void 
  4255 ;; Registers used:
  4256 ;;		wreg, fsr0l, fsr0h, status,2, status,0, pclath, cstack
  4257 ;; Tracked objects:
  4258 ;;		On entry : 0/0
  4259 ;;		On exit  : 0/0
  4260 ;;		Unchanged: 0/0
  4261 ;; Data sizes:     COMMON   BANK0   BANK1   BANK3   BANK2
  4262 ;;      Params:         0       0       0       0       0
  4263 ;;      Locals:         0       2       0       0       0
  4264 ;;      Temps:          0       3       0       0       0
  4265 ;;      Totals:         0       5       0       0       0
  4266 ;;Total ram usage:        5 bytes
  4267 ;; Hardware stack levels used: 1
  4268 ;; Hardware stack levels required when called: 3
  4269 ;; This function calls:
  4270 ;;		_clcd_print
  4271 ;;		_clcd_putch
  4272 ;; This function is called by:
  4273 ;;		_main
  4274 ;; This function uses a non-reentrant model
  4275 ;;
  4276                           
  4277     0697                     _display_power_screen:	
  4278                           ;psect for function _display_power_screen
  4279                           
  4280     0697                     l2282:	
  4281                           ;incstack = 0
  4282                           ; Regs used in _display_power_screen: [wreg-fsr0h+status,2+status,0+pclath+cstack]
  4283                           
  4284                           
  4285                           ;micro_oven.c: 15:     for (unsigned char i = 0; i < 16; i++)
  4286     0697  1283               	bcf	3,5	;RP0=0, select bank0
  4287     0698  1303               	bcf	3,6	;RP1=0, select bank0
  4288     0699  01AC               	clrf	display_power_screen@i
  4289     069A                     l2288:
  4290                           
  4291                           ;micro_oven.c: 16: {;micro_oven.c: 17:     clcd_putch(0xFF, (0x80 + i));
  4292     069A  082C               	movf	display_power_screen@i,w
  4293     069B  3E80               	addlw	128
  4294     069C  00A8               	movwf	clcd_putch@addr
  4295     069D  30FF               	movlw	255
  4296     069E  120A  158A  26C4  120A  118A  	fcall	_clcd_putch
  4297     06A3                     l2290:
  4298                           
  4299                           ;micro_oven.c: 18:     _delay((unsigned long)((100)*(20000000/4000.0)));
  4300     06A3  3003               	movlw	3
  4301     06A4  1283               	bcf	3,5	;RP0=0, select bank0
  4302     06A5  1303               	bcf	3,6	;RP1=0, select bank0
  4303     06A6  00AB               	movwf	??_display_power_screen+2
  4304     06A7  308A               	movlw	138
  4305     06A8  00AA               	movwf	??_display_power_screen+1
  4306     06A9  3055               	movlw	85
  4307     06AA  00A9               	movwf	??_display_power_screen
  4308     06AB                     u2627:
  4309     06AB  0BA9               	decfsz	??_display_power_screen,f
  4310     06AC  2EAB               	goto	u2627
  4311     06AD  0BAA               	decfsz	??_display_power_screen+1,f
  4312     06AE  2EAB               	goto	u2627
  4313     06AF  0BAB               	decfsz	??_display_power_screen+2,f
  4314     06B0  2EAB               	goto	u2627
  4315     06B1                     l2292:
  4316                           
  4317                           ;micro_oven.c: 19: }
  4318     06B1  3001               	movlw	1
  4319     06B2  1283               	bcf	3,5	;RP0=0, select bank0
  4320     06B3  1303               	bcf	3,6	;RP1=0, select bank0
  4321     06B4  07AC               	addwf	display_power_screen@i,f
  4322     06B5                     l2294:
  4323     06B5  3010               	movlw	16
  4324     06B6  022C               	subwf	display_power_screen@i,w
  4325     06B7  1C03               	skipc
  4326     06B8  2EBA               	goto	u2081
  4327     06B9  2EBB               	goto	u2080
  4328     06BA                     u2081:
  4329     06BA  2E9A               	goto	l2288
  4330     06BB                     u2080:
  4331     06BB                     l2296:
  4332                           
  4333                           ;micro_oven.c: 21:     clcd_print("Powering ON", (0xC0 + 3));
  4334     06BB  3079               	movlw	(low ((STR_2-__stringbase)| (0+32768)))& (0+255)
  4335     06BC  00F6               	movwf	clcd_print@str
  4336     06BD  30C3               	movlw	195
  4337     06BE  00F7               	movwf	clcd_print@addr
  4338     06BF  120A  158A  2722  120A  118A  	fcall	_clcd_print
  4339                           
  4340                           ;micro_oven.c: 22:     clcd_print("Microwave Oven", (0x90 + 2));
  4341     06C4  3050               	movlw	(low ((STR_3-__stringbase)| (0+32768)))& (0+255)
  4342     06C5  00F6               	movwf	clcd_print@str
  4343     06C6  3092               	movlw	146
  4344     06C7  00F7               	movwf	clcd_print@addr
  4345     06C8  120A  158A  2722  120A  118A  	fcall	_clcd_print
  4346     06CD                     l2298:
  4347                           
  4348                           ;micro_oven.c: 23:     for(unsigned char i = 0; i < 16; i++)
  4349     06CD  1283               	bcf	3,5	;RP0=0, select bank0
  4350     06CE  1303               	bcf	3,6	;RP1=0, select bank0
  4351     06CF  01AD               	clrf	display_power_screen@i_185
  4352     06D0                     l2304:
  4353                           
  4354                           ;micro_oven.c: 24: {;micro_oven.c: 25:     clcd_putch(0xFF, (0xD0 + i));
  4355     06D0  082D               	movf	display_power_screen@i_185,w
  4356     06D1  3ED0               	addlw	208
  4357     06D2  00A8               	movwf	clcd_putch@addr
  4358     06D3  30FF               	movlw	255
  4359     06D4  120A  158A  26C4  120A  118A  	fcall	_clcd_putch
  4360     06D9                     l2306:
  4361                           
  4362                           ;micro_oven.c: 26:     _delay((unsigned long)((100)*(20000000/4000.0)));
  4363     06D9  3003               	movlw	3
  4364     06DA  1283               	bcf	3,5	;RP0=0, select bank0
  4365     06DB  1303               	bcf	3,6	;RP1=0, select bank0
  4366     06DC  00AB               	movwf	??_display_power_screen+2
  4367     06DD  308A               	movlw	138
  4368     06DE  00AA               	movwf	??_display_power_screen+1
  4369     06DF  3055               	movlw	85
  4370     06E0  00A9               	movwf	??_display_power_screen
  4371     06E1                     u2637:
  4372     06E1  0BA9               	decfsz	??_display_power_screen,f
  4373     06E2  2EE1               	goto	u2637
  4374     06E3  0BAA               	decfsz	??_display_power_screen+1,f
  4375     06E4  2EE1               	goto	u2637
  4376     06E5  0BAB               	decfsz	??_display_power_screen+2,f
  4377     06E6  2EE1               	goto	u2637
  4378     06E7                     l2308:
  4379                           
  4380                           ;micro_oven.c: 27: }
  4381     06E7  3001               	movlw	1
  4382     06E8  1283               	bcf	3,5	;RP0=0, select bank0
  4383     06E9  1303               	bcf	3,6	;RP1=0, select bank0
  4384     06EA  07AD               	addwf	display_power_screen@i_185,f
  4385     06EB                     l2310:
  4386     06EB  3010               	movlw	16
  4387     06EC  022D               	subwf	display_power_screen@i_185,w
  4388     06ED  1C03               	skipc
  4389     06EE  2EF0               	goto	u2091
  4390     06EF  2EF1               	goto	u2090
  4391     06F0                     u2091:
  4392     06F0  2ED0               	goto	l2304
  4393     06F1                     u2090:
  4394     06F1                     l2312:
  4395                           
  4396                           ;micro_oven.c: 29:   _delay((unsigned long)((1000)*(20000000/4000.0)));
  4397     06F1  301A               	movlw	26
  4398     06F2  1283               	bcf	3,5	;RP0=0, select bank0
  4399     06F3  1303               	bcf	3,6	;RP1=0, select bank0
  4400     06F4  00AB               	movwf	??_display_power_screen+2
  4401     06F5  305E               	movlw	94
  4402     06F6  00AA               	movwf	??_display_power_screen+1
  4403     06F7  306D               	movlw	109
  4404     06F8  00A9               	movwf	??_display_power_screen
  4405     06F9                     u2647:
  4406     06F9  0BA9               	decfsz	??_display_power_screen,f
  4407     06FA  2EF9               	goto	u2647
  4408     06FB  0BAA               	decfsz	??_display_power_screen+1,f
  4409     06FC  2EF9               	goto	u2647
  4410     06FD  0BAB               	decfsz	??_display_power_screen+2,f
  4411     06FE  2EF9               	goto	u2647
  4412     06FF  2F00               	nop2
  4413     0700                     l220:
  4414     0700  0008               	return
  4415     0701                     __end_of_display_power_screen:
  4416                           
  4417                           	psect	text17
  4418     0EC4                     __ptext17:	
  4419 ;; *************** function _clcd_putch *****************
  4420 ;; Defined at:
  4421 ;;		line 56 in file "clcd.c"
  4422 ;; Parameters:    Size  Location     Type
  4423 ;;  data            1    wreg     const unsigned char 
  4424 ;;  addr            1    8[BANK0 ] unsigned char 
  4425 ;; Auto vars:     Size  Location     Type
  4426 ;;  data            1    8[COMMON] const unsigned char 
  4427 ;; Return value:  Size  Location     Type
  4428 ;;                  1    wreg      void 
  4429 ;; Registers used:
  4430 ;;		wreg, status,2, status,0, pclath, cstack
  4431 ;; Tracked objects:
  4432 ;;		On entry : 0/0
  4433 ;;		On exit  : 0/0
  4434 ;;		Unchanged: 0/0
  4435 ;; Data sizes:     COMMON   BANK0   BANK1   BANK3   BANK2
  4436 ;;      Params:         0       1       0       0       0
  4437 ;;      Locals:         1       0       0       0       0
  4438 ;;      Temps:          0       0       0       0       0
  4439 ;;      Totals:         1       1       0       0       0
  4440 ;;Total ram usage:        2 bytes
  4441 ;; Hardware stack levels used: 1
  4442 ;; Hardware stack levels required when called: 1
  4443 ;; This function calls:
  4444 ;;		_clcd_write
  4445 ;; This function is called by:
  4446 ;;		_display_power_screen
  4447 ;;		_set_time
  4448 ;;		_set_temp
  4449 ;;		_display_time
  4450 ;; This function uses a non-reentrant model
  4451 ;;
  4452                           
  4453     0EC4                     _clcd_putch:	
  4454                           ;psect for function _clcd_putch
  4455                           
  4456                           
  4457                           ;incstack = 0
  4458                           ; Regs used in _clcd_putch: [wreg+status,2+status,0+pclath+cstack]
  4459                           ;clcd_putch@data stored from wreg
  4460     0EC4  00F8               	movwf	clcd_putch@data
  4461     0EC5                     l2176:
  4462                           
  4463                           ;clcd.c: 56: void clcd_putch(const char data, unsigned char addr);clcd.c: 57: {;clcd.c: 
      +                          58:     clcd_write(addr, 0);
  4464     0EC5  01F2               	clrf	clcd_write@mode
  4465     0EC6  1283               	bcf	3,5	;RP0=0, select bank0
  4466     0EC7  1303               	bcf	3,6	;RP1=0, select bank0
  4467     0EC8  0828               	movf	clcd_putch@addr,w
  4468     0EC9  120A  118A  27C9  120A  158A  	fcall	_clcd_write
  4469                           
  4470                           ;clcd.c: 59:     clcd_write(data, 1);
  4471     0ECE  01F2               	clrf	clcd_write@mode
  4472     0ECF  0AF2               	incf	clcd_write@mode,f
  4473     0ED0  0878               	movf	clcd_putch@data,w
  4474     0ED1  120A  118A  27C9  120A  158A  	fcall	_clcd_write
  4475     0ED6                     l26:
  4476     0ED6  0008               	return
  4477     0ED7                     __end_of_clcd_putch:
  4478                           
  4479                           	psect	text18
  4480     0F47                     __ptext18:	
  4481 ;; *************** function _display_modes *****************
  4482 ;; Defined at:
  4483 ;;		line 34 in file "micro_oven.c"
  4484 ;; Parameters:    Size  Location     Type
  4485 ;;		None
  4486 ;; Auto vars:     Size  Location     Type
  4487 ;;		None
  4488 ;; Return value:  Size  Location     Type
  4489 ;;                  1    wreg      void 
  4490 ;; Registers used:
  4491 ;;		wreg, fsr0l, fsr0h, status,2, status,0, pclath, cstack
  4492 ;; Tracked objects:
  4493 ;;		On entry : 0/0
  4494 ;;		On exit  : 0/0
  4495 ;;		Unchanged: 0/0
  4496 ;; Data sizes:     COMMON   BANK0   BANK1   BANK3   BANK2
  4497 ;;      Params:         0       0       0       0       0
  4498 ;;      Locals:         0       0       0       0       0
  4499 ;;      Temps:          0       0       0       0       0
  4500 ;;      Totals:         0       0       0       0       0
  4501 ;;Total ram usage:        0 bytes
  4502 ;; Hardware stack levels used: 1
  4503 ;; Hardware stack levels required when called: 2
  4504 ;; This function calls:
  4505 ;;		_clcd_print
  4506 ;; This function is called by:
  4507 ;;		_main
  4508 ;; This function uses a non-reentrant model
  4509 ;;
  4510                           
  4511     0F47                     _display_modes:	
  4512                           ;psect for function _display_modes
  4513                           
  4514     0F47                     l2314:	
  4515                           ;incstack = 0
  4516                           ; Regs used in _display_modes: [wreg-fsr0h+status,2+status,0+pclath+cstack]
  4517                           
  4518                           
  4519                           ;micro_oven.c: 36:     clcd_print("1 Micro", (0x80 + 3));
  4520     0F47  30BE               	movlw	(low ((STR_4-__stringbase)| (0+32768)))& (0+255)
  4521     0F48  00F6               	movwf	clcd_print@str
  4522     0F49  3083               	movlw	131
  4523     0F4A  00F7               	movwf	clcd_print@addr
  4524     0F4B  120A  158A  2722  120A  158A  	fcall	_clcd_print
  4525                           
  4526                           ;micro_oven.c: 37:     clcd_print("2 Grill", (0xC0 + 3));
  4527     0F50  30B6               	movlw	(low ((STR_5-__stringbase)| (0+32768)))& (0+255)
  4528     0F51  00F6               	movwf	clcd_print@str
  4529     0F52  30C3               	movlw	195
  4530     0F53  00F7               	movwf	clcd_print@addr
  4531     0F54  120A  158A  2722  120A  158A  	fcall	_clcd_print
  4532                           
  4533                           ;micro_oven.c: 38:     clcd_print("3 Convection", (0x90 + 3));
  4534     0F59  305F               	movlw	(low ((STR_6-__stringbase)| (0+32768)))& (0+255)
  4535     0F5A  00F6               	movwf	clcd_print@str
  4536     0F5B  3093               	movlw	147
  4537     0F5C  00F7               	movwf	clcd_print@addr
  4538     0F5D  120A  158A  2722  120A  158A  	fcall	_clcd_print
  4539                           
  4540                           ;micro_oven.c: 39:     clcd_print("4 Start", (0xD0 + 3));
  4541     0F62  30C6               	movlw	(low ((STR_7-__stringbase)| (0+32768)))& (0+255)
  4542     0F63  00F6               	movwf	clcd_print@str
  4543     0F64  30D3               	movlw	211
  4544     0F65  00F7               	movwf	clcd_print@addr
  4545     0F66  120A  158A  2722  120A  158A  	fcall	_clcd_print
  4546     0F6B                     l223:
  4547     0F6B  0008               	return
  4548     0F6C                     __end_of_display_modes:
  4549                           
  4550                           	psect	text19
  4551     0F22                     __ptext19:	
  4552 ;; *************** function _clcd_print *****************
  4553 ;; Defined at:
  4554 ;;		line 62 in file "clcd.c"
  4555 ;; Parameters:    Size  Location     Type
  4556 ;;  str             1    6[COMMON] PTR const unsigned char 
  4557 ;;		 -> STR_21(16), STR_20(11), STR_19(7), STR_18(8), 
  4558 ;;		 -> STR_17(15), STR_16(8), STR_15(10), STR_14(12), 
  4559 ;;		 -> STR_13(16), STR_12(6), STR_11(15), STR_10(16), 
  4560 ;;		 -> STR_9(6), STR_8(17), STR_7(8), STR_6(13), 
  4561 ;;		 -> STR_5(8), STR_4(8), STR_3(15), STR_2(12), 
  4562 ;;		 -> STR_1(13), 
  4563 ;;  addr            1    7[COMMON] unsigned char 
  4564 ;; Auto vars:     Size  Location     Type
  4565 ;;		None
  4566 ;; Return value:  Size  Location     Type
  4567 ;;                  1    wreg      void 
  4568 ;; Registers used:
  4569 ;;		wreg, fsr0l, fsr0h, status,2, status,0, pclath, cstack
  4570 ;; Tracked objects:
  4571 ;;		On entry : 0/0
  4572 ;;		On exit  : 0/0
  4573 ;;		Unchanged: 0/0
  4574 ;; Data sizes:     COMMON   BANK0   BANK1   BANK3   BANK2
  4575 ;;      Params:         2       0       0       0       0
  4576 ;;      Locals:         0       0       0       0       0
  4577 ;;      Temps:          0       0       0       0       0
  4578 ;;      Totals:         2       0       0       0       0
  4579 ;;Total ram usage:        2 bytes
  4580 ;; Hardware stack levels used: 1
  4581 ;; Hardware stack levels required when called: 1
  4582 ;; This function calls:
  4583 ;;		_clcd_write
  4584 ;; This function is called by:
  4585 ;;		_main
  4586 ;;		_display_power_screen
  4587 ;;		_display_modes
  4588 ;;		_set_time
  4589 ;;		_set_temp
  4590 ;;		_display_time
  4591 ;; This function uses a non-reentrant model
  4592 ;;
  4593                           
  4594     0F22                     _clcd_print:	
  4595                           ;psect for function _clcd_print
  4596                           
  4597     0F22                     l2178:	
  4598                           ;incstack = 0
  4599                           ; Regs used in _clcd_print: [wreg-fsr0h+status,2+status,0+pclath+cstack]
  4600                           
  4601                           
  4602                           ;clcd.c: 62: void clcd_print(const char *str, unsigned char addr);clcd.c: 63: {;clcd.c: 
      +                          64:     clcd_write(addr, 0);
  4603     0F22  01F2               	clrf	clcd_write@mode
  4604     0F23  0877               	movf	clcd_print@addr,w
  4605     0F24  120A  118A  27C9  120A  158A  	fcall	_clcd_write
  4606                           
  4607                           ;clcd.c: 66:     while (*str != '\0')
  4608     0F29  2F3A               	goto	l2184
  4609     0F2A                     l2180:
  4610                           
  4611                           ;clcd.c: 67:     {;clcd.c: 68:         clcd_write(*str, 1);
  4612     0F2A  01F2               	clrf	clcd_write@mode
  4613     0F2B  0AF2               	incf	clcd_write@mode,f
  4614     0F2C  0876               	movf	clcd_print@str,w
  4615     0F2D  0084               	movwf	4
  4616     0F2E  120A  118A  2419  120A  158A  	fcall	stringdir
  4617     0F33  120A  118A  27C9  120A  158A  	fcall	_clcd_write
  4618     0F38                     l2182:
  4619                           
  4620                           ;clcd.c: 69:         str++;
  4621     0F38  3001               	movlw	1
  4622     0F39  07F6               	addwf	clcd_print@str,f
  4623     0F3A                     l2184:
  4624                           
  4625                           ;clcd.c: 66:     while (*str != '\0')
  4626     0F3A  0876               	movf	clcd_print@str,w
  4627     0F3B  0084               	movwf	4
  4628     0F3C  120A  118A  2419  120A  158A  	fcall	stringdir
  4629     0F41  3A00               	xorlw	0
  4630     0F42  1D03               	skipz
  4631     0F43  2F45               	goto	u1881
  4632     0F44  2F46               	goto	u1880
  4633     0F45                     u1881:
  4634     0F45  2F2A               	goto	l2180
  4635     0F46                     u1880:
  4636     0F46                     l32:
  4637     0F46  0008               	return
  4638     0F47                     __end_of_clcd_print:
  4639                           
  4640                           	psect	text20
  4641     07C9                     __ptext20:	
  4642 ;; *************** function _clcd_write *****************
  4643 ;; Defined at:
  4644 ;;		line 4 in file "clcd.c"
  4645 ;; Parameters:    Size  Location     Type
  4646 ;;  byte            1    wreg     unsigned char 
  4647 ;;  mode            1    2[COMMON] unsigned char 
  4648 ;; Auto vars:     Size  Location     Type
  4649 ;;  byte            1    5[COMMON] unsigned char 
  4650 ;; Return value:  Size  Location     Type
  4651 ;;                  1    wreg      void 
  4652 ;; Registers used:
  4653 ;;		wreg, status,2, status,0
  4654 ;; Tracked objects:
  4655 ;;		On entry : 0/0
  4656 ;;		On exit  : 0/0
  4657 ;;		Unchanged: 0/0
  4658 ;; Data sizes:     COMMON   BANK0   BANK1   BANK3   BANK2
  4659 ;;      Params:         1       0       0       0       0
  4660 ;;      Locals:         1       0       0       0       0
  4661 ;;      Temps:          2       0       0       0       0
  4662 ;;      Totals:         4       0       0       0       0
  4663 ;;Total ram usage:        4 bytes
  4664 ;; Hardware stack levels used: 1
  4665 ;; Hardware stack levels required when called: 1
  4666 ;; This function calls:
  4667 ;;		Nothing
  4668 ;; This function is called by:
  4669 ;;		_init_display_controller
  4670 ;;		_clcd_putch
  4671 ;;		_clcd_print
  4672 ;;		_clear_screen
  4673 ;; This function uses a non-reentrant model
  4674 ;;
  4675                           
  4676     07C9                     _clcd_write:	
  4677                           ;psect for function _clcd_write
  4678                           
  4679                           
  4680                           ;incstack = 0
  4681                           ; Regs used in _clcd_write: [wreg+status,2+status,0]
  4682                           ;clcd_write@byte stored from wreg
  4683     07C9  00F5               	movwf	clcd_write@byte
  4684     07CA                     l2124:
  4685                           
  4686                           ;clcd.c: 4: static void clcd_write(unsigned char byte, unsigned char mode);clcd.c: 5: {;
      +                          clcd.c: 6:     RE2 = (__bit)mode;
  4687     07CA  1872               	btfsc	clcd_write@mode,0
  4688     07CB  2FCD               	goto	u1851
  4689     07CC  2FD1               	goto	u1850
  4690     07CD                     u1851:
  4691     07CD  1283               	bcf	3,5	;RP0=0, select bank0
  4692     07CE  1303               	bcf	3,6	;RP1=0, select bank0
  4693     07CF  1509               	bsf	9,2	;volatile
  4694     07D0  2FD4               	goto	u1864
  4695     07D1                     u1850:
  4696     07D1  1283               	bcf	3,5	;RP0=0, select bank0
  4697     07D2  1303               	bcf	3,6	;RP1=0, select bank0
  4698     07D3  1109               	bcf	9,2	;volatile
  4699     07D4                     u1864:
  4700     07D4                     l2126:
  4701                           
  4702                           ;clcd.c: 8:     PORTD = byte & 0xF0;
  4703     07D4  0875               	movf	clcd_write@byte,w
  4704     07D5  39F0               	andlw	240
  4705     07D6  0088               	movwf	8	;volatile
  4706     07D7                     l2128:
  4707                           
  4708                           ;clcd.c: 9:     RE1 = 1;
  4709     07D7  1489               	bsf	9,1	;volatile
  4710     07D8                     l2130:
  4711                           
  4712                           ;clcd.c: 10:     _delay((unsigned long)((100)*(20000000/4000000.0)));
  4713     07D8  30A6               	movlw	166
  4714     07D9  00F3               	movwf	??_clcd_write
  4715     07DA                     u2657:
  4716     07DA  0BF3               	decfsz	??_clcd_write,f
  4717     07DB  2FDA               	goto	u2657
  4718     07DC  0000               	nop
  4719     07DD                     l2132:
  4720                           
  4721                           ;clcd.c: 11:     RE1 = 0;
  4722     07DD  1283               	bcf	3,5	;RP0=0, select bank0
  4723     07DE  1303               	bcf	3,6	;RP1=0, select bank0
  4724     07DF  1089               	bcf	9,1	;volatile
  4725     07E0                     l2134:
  4726                           
  4727                           ;clcd.c: 13:     PORTD = (unsigned char)((byte & 0x0F) << 4);
  4728     07E0  0875               	movf	clcd_write@byte,w
  4729     07E1  390F               	andlw	15
  4730     07E2  00F3               	movwf	??_clcd_write
  4731     07E3  3003               	movlw	3
  4732     07E4                     u1875:
  4733     07E4  1003               	clrc
  4734     07E5  0DF3               	rlf	??_clcd_write,f
  4735     07E6  3EFF               	addlw	-1
  4736     07E7  1D03               	skipz
  4737     07E8  2FE4               	goto	u1875
  4738     07E9  1003               	clrc
  4739     07EA  0D73               	rlf	??_clcd_write,w
  4740     07EB  0088               	movwf	8	;volatile
  4741     07EC                     l2136:
  4742                           
  4743                           ;clcd.c: 14:     RE1 = 1;
  4744     07EC  1489               	bsf	9,1	;volatile
  4745     07ED                     l2138:
  4746                           
  4747                           ;clcd.c: 15:     _delay((unsigned long)((100)*(20000000/4000000.0)));
  4748     07ED  30A6               	movlw	166
  4749     07EE  00F3               	movwf	??_clcd_write
  4750     07EF                     u2667:
  4751     07EF  0BF3               	decfsz	??_clcd_write,f
  4752     07F0  2FEF               	goto	u2667
  4753     07F1  0000               	nop
  4754     07F2                     l2140:
  4755                           
  4756                           ;clcd.c: 16:     RE1 = 0;
  4757     07F2  1283               	bcf	3,5	;RP0=0, select bank0
  4758     07F3  1303               	bcf	3,6	;RP1=0, select bank0
  4759     07F4  1089               	bcf	9,1	;volatile
  4760     07F5                     l2142:
  4761                           
  4762                           ;clcd.c: 18:     _delay((unsigned long)((4100)*(20000000/4000000.0)));
  4763     07F5  301B               	movlw	27
  4764     07F6  00F4               	movwf	??_clcd_write+1
  4765     07F7  309E               	movlw	158
  4766     07F8  00F3               	movwf	??_clcd_write
  4767     07F9                     u2677:
  4768     07F9  0BF3               	decfsz	??_clcd_write,f
  4769     07FA  2FF9               	goto	u2677
  4770     07FB  0BF4               	decfsz	??_clcd_write+1,f
  4771     07FC  2FF9               	goto	u2677
  4772     07FD  0000               	nop
  4773     07FE                     l17:
  4774     07FE  0008               	return
  4775     07FF                     __end_of_clcd_write:
  4776                           
  4777                           	psect	text21
  4778     0F6C                     __ptext21:	
  4779 ;; *************** function _isr *****************
  4780 ;; Defined at:
  4781 ;;		line 5 in file "isr.c"
  4782 ;; Parameters:    Size  Location     Type
  4783 ;;		None
  4784 ;; Auto vars:     Size  Location     Type
  4785 ;;		None
  4786 ;; Return value:  Size  Location     Type
  4787 ;;                  1    wreg      void 
  4788 ;; Registers used:
  4789 ;;		wreg, status,2, status,0
  4790 ;; Tracked objects:
  4791 ;;		On entry : 0/0
  4792 ;;		On exit  : 0/0
  4793 ;;		Unchanged: 0/0
  4794 ;; Data sizes:     COMMON   BANK0   BANK1   BANK3   BANK2
  4795 ;;      Params:         0       0       0       0       0
  4796 ;;      Locals:         0       0       0       0       0
  4797 ;;      Temps:          2       0       0       0       0
  4798 ;;      Totals:         2       0       0       0       0
  4799 ;;Total ram usage:        2 bytes
  4800 ;; Hardware stack levels used: 1
  4801 ;; This function calls:
  4802 ;;		Nothing
  4803 ;; This function is called by:
  4804 ;;		Interrupt level 1
  4805 ;; This function uses a non-reentrant model
  4806 ;;
  4807                           
  4808     0F6C                     _isr:	
  4809                           ;psect for function _isr
  4810                           
  4811     0F6C                     i1l2104:
  4812                           
  4813                           ;isr.c: 7:     static unsigned int count = 0;;isr.c: 9:     if (TMR2IF == 1)
  4814     0F6C  1283               	bcf	3,5	;RP0=0, select bank0
  4815     0F6D  1303               	bcf	3,6	;RP1=0, select bank0
  4816     0F6E  1C8C               	btfss	12,1	;volatile
  4817     0F6F  2F71               	goto	u179_21
  4818     0F70  2F72               	goto	u179_20
  4819     0F71                     u179_21:
  4820     0F71  2FA0               	goto	i1l302
  4821     0F72                     u179_20:
  4822     0F72                     i1l2106:
  4823                           
  4824                           ;isr.c: 10:     {;isr.c: 11:         if (++count == 20000)
  4825     0F72  3001               	movlw	1
  4826     0F73  07F9               	addwf	isr@count,f
  4827     0F74  1803               	skipnc
  4828     0F75  0AFA               	incf	isr@count+1,f
  4829     0F76  3000               	movlw	0
  4830     0F77  07FA               	addwf	isr@count+1,f
  4831     0F78  3020               	movlw	32
  4832     0F79  0679               	xorwf	isr@count,w
  4833     0F7A  304E               	movlw	78
  4834     0F7B  1903               	skipnz
  4835     0F7C  067A               	xorwf	isr@count+1,w
  4836     0F7D  1D03               	btfss	3,2
  4837     0F7E  2F80               	goto	u180_21
  4838     0F7F  2F81               	goto	u180_20
  4839     0F80                     u180_21:
  4840     0F80  2F9F               	goto	i1l2122
  4841     0F81                     u180_20:
  4842     0F81                     i1l2108:
  4843                           
  4844                           ;isr.c: 12:         {;isr.c: 13:             count = 0;
  4845     0F81  01F9               	clrf	isr@count
  4846     0F82  01FA               	clrf	isr@count+1
  4847     0F83                     i1l2110:
  4848                           
  4849                           ;isr.c: 14:             if (sec > 0)
  4850     0F83  083D               	movf	_sec,w
  4851     0F84  1903               	btfsc	3,2
  4852     0F85  2F87               	goto	u181_21
  4853     0F86  2F88               	goto	u181_20
  4854     0F87                     u181_21:
  4855     0F87  2F8A               	goto	i1l298
  4856     0F88                     u181_20:
  4857     0F88                     i1l2112:
  4858                           
  4859                           ;isr.c: 15:             {;isr.c: 16:                 sec--;
  4860     0F88  3001               	movlw	1
  4861     0F89  02BD               	subwf	_sec,f
  4862     0F8A                     i1l298:	
  4863                           ;isr.c: 17:             }
  4864                           
  4865                           
  4866                           ;isr.c: 18:             if(sec == 0)
  4867     0F8A  083D               	movf	_sec,w
  4868     0F8B  1D03               	btfss	3,2
  4869     0F8C  2F8E               	goto	u182_21
  4870     0F8D  2F8F               	goto	u182_20
  4871     0F8E                     u182_21:
  4872     0F8E  2F98               	goto	i1l299
  4873     0F8F                     u182_20:
  4874     0F8F                     i1l2114:
  4875                           
  4876                           ;isr.c: 19:             {;isr.c: 20:                 if(min > 0)
  4877     0F8F  083C               	movf	_min,w
  4878     0F90  1903               	btfsc	3,2
  4879     0F91  2F93               	goto	u183_21
  4880     0F92  2F94               	goto	u183_20
  4881     0F93                     u183_21:
  4882     0F93  2F98               	goto	i1l299
  4883     0F94                     u183_20:
  4884     0F94                     i1l2116:
  4885                           
  4886                           ;isr.c: 21:                 {;isr.c: 22:                     min--;
  4887     0F94  3001               	movlw	1
  4888     0F95  02BC               	subwf	_min,f
  4889     0F96                     i1l2118:
  4890                           
  4891                           ;isr.c: 23:                       sec= 60;
  4892     0F96  303C               	movlw	60
  4893     0F97  00BD               	movwf	_sec
  4894     0F98                     i1l299:	
  4895                           ;isr.c: 26:             }
  4896                           
  4897                           
  4898                           ;isr.c: 27:             if(pre_heat > 0)
  4899     0F98  083A               	movf	_pre_heat,w
  4900     0F99  1903               	btfsc	3,2
  4901     0F9A  2F9C               	goto	u184_21
  4902     0F9B  2F9D               	goto	u184_20
  4903     0F9C                     u184_21:
  4904     0F9C  2F9F               	goto	i1l2122
  4905     0F9D                     u184_20:
  4906     0F9D                     i1l2120:
  4907                           
  4908                           ;isr.c: 28:             {;isr.c: 29:                 pre_heat--;
  4909     0F9D  3001               	movlw	1
  4910     0F9E  02BA               	subwf	_pre_heat,f
  4911     0F9F                     i1l2122:
  4912                           
  4913                           ;isr.c: 34:         TMR2IF = 0;
  4914     0F9F  108C               	bcf	12,1	;volatile
  4915     0FA0                     i1l302:
  4916     0FA0  0871               	movf	??_isr+1,w
  4917     0FA1  008A               	movwf	10
  4918     0FA2  0E70               	swapf	??_isr,w
  4919     0FA3  0083               	movwf	3
  4920     0FA4  0EFE               	swapf	btemp,f
  4921     0FA5  0E7E               	swapf	btemp,w
  4922     0FA6  0009               	retfie
  4923     0FA7                     __end_of_isr:
  4924     0002                     ___latbits      equ	2
  4925     007E                     btemp           set	126	;btemp
  4926     007E                     btemp0          set	126
  4927     007F                     btemp1          set	127
  4928     007E                     wtemp0          set	126
  4929     007F                     wtemp0a         set	127
  4930     007F                     ttemp0a         set	127
  4931     0080                     ltemp0a         set	128
  4932                           
  4933                           	psect	intentry
  4934     0004                     __pintentry:	
  4935                           ;incstack = 0
  4936                           ; Regs used in _isr: [wreg+status,2+status,0]
  4937                           
  4938     0004                     interrupt_function:
  4939     007E                     saved_w         set	btemp
  4940     0004  00FE               	movwf	btemp
  4941     0005  0E03               	swapf	3,w
  4942     0006  00F0               	movwf	??_isr
  4943     0007  080A               	movf	10,w
  4944     0008  00F1               	movwf	??_isr+1
  4945     0009  120A  158A  2F6C   	ljmp	_isr
  4946                           
  4947                           	psect	config
  4948                           
  4949                           ;Config register CONFIG @ 0x2007
  4950                           ;	Oscillator Selection bits
  4951                           ;	FOSC = 0x3, unprogrammed default
  4952                           ;	Watchdog Timer Enable bit
  4953                           ;	WDTE = OFF, WDT disabled
  4954                           ;	Power-up Timer Enable bit
  4955                           ;	PWRTE = 0x1, unprogrammed default
  4956                           ;	Brown-out Reset Enable bit
  4957                           ;	BOREN = 0x1, unprogrammed default
  4958                           ;	Low-Voltage (Single-Supply) In-Circuit Serial Programming Enable bit
  4959                           ;	LVP = 0x1, unprogrammed default
  4960                           ;	Data EEPROM Memory Code Protection bit
  4961                           ;	CPD = 0x1, unprogrammed default
  4962                           ;	Flash Program Memory Write Enable bits
  4963                           ;	WRT = 0x3, unprogrammed default
  4964                           ;	In-Circuit Debugger Mode bit
  4965                           ;	DEBUG = 0x1, unprogrammed default
  4966                           ;	Flash Program Memory Code Protection bit
  4967                           ;	CP = 0x1, unprogrammed default
  4968     2007                     	org	8199
  4969     2007  3FFB               	dw	16379

Data Sizes:
    Strings     224
    Constant    0
    Data        2
    BSS         13
    Persistent  0
    Stack       0

Auto Spaces:
    Space          Size  Autos    Used
    COMMON           14      9      12
    BANK0            80     19      31
    BANK1            80      0       0
    BANK3            96      0       0
    BANK2            96      0       0

Pointer List with Targets:

    clcd_print@str	PTR const unsigned char  size(1) Largest target is 17
		 -> STR_1(CODE[13]), STR_10(CODE[16]), STR_11(CODE[15]), STR_12(CODE[6]), 
		 -> STR_13(CODE[16]), STR_14(CODE[12]), STR_15(CODE[10]), STR_16(CODE[8]), 
		 -> STR_17(CODE[15]), STR_18(CODE[8]), STR_19(CODE[7]), STR_2(CODE[12]), 
		 -> STR_20(CODE[11]), STR_21(CODE[16]), STR_3(CODE[15]), STR_4(CODE[8]), 
		 -> STR_5(CODE[8]), STR_6(CODE[13]), STR_7(CODE[8]), STR_8(CODE[17]), 
		 -> STR_9(CODE[6]), 


Critical Paths under _main in COMMON

    _set_time->_clcd_putch
    _set_temp->_clcd_putch
    _read_matrix_keypad->_scan_keypad
    _init_clcd->_init_display_controller
    _init_display_controller->_clcd_write
    _display_time->_clcd_putch
    _clear_screen->_clcd_write
    ___awmod->___awdiv
    _display_power_screen->_clcd_putch
    _clcd_putch->___awmod
    _display_modes->_clcd_print
    _clcd_print->_clcd_write

Critical Paths under _isr in COMMON

    None.

Critical Paths under _main in BANK0

    _main->_display_power_screen
    _set_time->_clcd_putch
    _set_temp->_clcd_putch
    _display_time->_clcd_putch
    ___awmod->___awdiv
    _display_power_screen->_clcd_putch
    _clcd_putch->___awmod

Critical Paths under _isr in BANK0

    None.

Critical Paths under _main in BANK1

    None.

Critical Paths under _isr in BANK1

    None.

Critical Paths under _main in BANK3

    None.

Critical Paths under _isr in BANK3

    None.

Critical Paths under _main in BANK2

    None.

Critical Paths under _isr in BANK2

    None.

Call Graph Tables:

 ---------------------------------------------------------------------------------
 (Depth) Function   	        Calls       Base Space   Used Autos Params    Refs
 ---------------------------------------------------------------------------------
 (0) _main                                                 5     5      0    9039
                                             14 BANK0      5     5      0
                         _clcd_print
                       _clear_screen
                      _display_modes
               _display_power_screen
                       _display_time
                          _heat_food
                        _init_config
                 _read_matrix_keypad
                           _set_temp
                           _set_time
 ---------------------------------------------------------------------------------
 (1) _set_time                                             4     3      1    2283
                                              9 BANK0      4     3      1
                            ___awdiv
                            ___awmod
                             ___bmul
                         _clcd_print
                         _clcd_putch
                       _clear_screen
 ---------------------------------------------------------------------------------
 (1) _set_temp                                             4     3      1    2236
                                              9 BANK0      4     3      1
                            ___awdiv
                            ___awmod
                             ___bmul
                         _clcd_print
                         _clcd_putch
                       _clear_screen
 ---------------------------------------------------------------------------------
 (2) ___bmul                                               3     2      1     108
                                              2 COMMON     3     2      1
 ---------------------------------------------------------------------------------
 (1) _read_matrix_keypad                                   2     2      0     279
                                              4 COMMON     2     2      0
                        _scan_keypad
 ---------------------------------------------------------------------------------
 (2) _scan_keypad                                          2     2      0     161
                                              2 COMMON     2     2      0
 ---------------------------------------------------------------------------------
 (1) _init_config                                          0     0      0     161
                          _init_clcd
                 _init_matrix_keypad
                        _init_timer2
 ---------------------------------------------------------------------------------
 (2) _init_timer2                                          0     0      0       0
 ---------------------------------------------------------------------------------
 (2) _init_matrix_keypad                                   0     0      0       0
 ---------------------------------------------------------------------------------
 (2) _init_clcd                                            0     0      0     161
            _init_display_controller
 ---------------------------------------------------------------------------------
 (3) _init_display_controller                              2     2      0     161
                                              6 COMMON     2     2      0
                         _clcd_write
 ---------------------------------------------------------------------------------
 (1) _heat_food                                            0     0      0       0
 ---------------------------------------------------------------------------------
 (1) _display_time                                         3     3      0    1803
                                              9 BANK0      3     3      0
                            ___awdiv
                            ___awmod
                         _clcd_print
                         _clcd_putch
                       _clear_screen
 ---------------------------------------------------------------------------------
 (2) _clear_screen                                         2     2      0     161
                                              6 COMMON     2     2      0
                         _clcd_write
 ---------------------------------------------------------------------------------
 (2) ___awmod                                              6     2      4     465
                                              6 COMMON     2     2      0
                                              4 BANK0      4     0      4
                            ___awdiv (ARG)
 ---------------------------------------------------------------------------------
 (2) ___awdiv                                              8     4      4     477
                                              2 COMMON     4     0      4
                                              0 BANK0      4     4      0
 ---------------------------------------------------------------------------------
 (1) _display_power_screen                                 5     5      0     898
                                              9 BANK0      5     5      0
                         _clcd_print
                         _clcd_putch
 ---------------------------------------------------------------------------------
 (2) _clcd_putch                                           2     1      1     317
                                              8 COMMON     1     1      0
                                              8 BANK0      1     0      1
                            ___awdiv (ARG)
                            ___awmod (ARG)
                         _clcd_write
 ---------------------------------------------------------------------------------
 (1) _display_modes                                        0     0      0     383
                         _clcd_print
 ---------------------------------------------------------------------------------
 (2) _clcd_print                                           2     0      2     383
                                              6 COMMON     2     0      2
                         _clcd_write
 ---------------------------------------------------------------------------------
 (4) _clcd_write                                           4     3      1     161
                                              2 COMMON     4     3      1
 ---------------------------------------------------------------------------------
 Estimated maximum stack depth 4
 ---------------------------------------------------------------------------------
 (Depth) Function   	        Calls       Base Space   Used Autos Params    Refs
 ---------------------------------------------------------------------------------
 (5) _isr                                                  2     2      0       0
                                              0 COMMON     2     2      0
 ---------------------------------------------------------------------------------
 Estimated maximum stack depth 5
 ---------------------------------------------------------------------------------

 Call Graph Graphs:

 _main (ROOT)
   _clcd_print
     _clcd_write
   _clear_screen
     _clcd_write
   _display_modes
     _clcd_print
   _display_power_screen
     _clcd_print
     _clcd_putch
       ___awdiv (ARG)
       ___awmod (ARG)
         ___awdiv (ARG)
       _clcd_write (ARG)
   _display_time
     ___awdiv
     ___awmod
     _clcd_print
     _clcd_putch
     _clear_screen
   _heat_food
   _init_config
     _init_clcd
       _init_display_controller
         _clcd_write
     _init_matrix_keypad
     _init_timer2
   _read_matrix_keypad
     _scan_keypad
   _set_temp
     ___awdiv
     ___awmod
     ___bmul
     _clcd_print
     _clcd_putch
     _clear_screen
   _set_time
     ___awdiv
     ___awmod
     ___bmul
     _clcd_print
     _clcd_putch
     _clear_screen

 _isr (ROOT)

Address spaces:
Name               Size   Autos  Total    Usage
BANK3               96      0       0      0.0%
BITBANK3            96      0       0      0.0%
BANK2               96      0       0      0.0%
BITBANK2            96      0       0      0.0%
BANK1               80      0       0      0.0%
BITBANK1            80      0       0      0.0%
BANK0               80     19      31     38.8%
BITBANK0            80      0       0      0.0%
COMMON              14      9      12     85.7%
BITCOMMON           14      0       0      0.0%
DATA                 0      0      44      0.0%
STACK                0      0       0      0.0%


Microchip Technology PIC Macro Assembler V3.10 build 20250813170317 
Symbol Table                                                                                   Wed Jan 21 19:29:44 2026

                              pc 0002                   ___bmul@product 0073                   clcd_print@addr 0077  
                             l20 07C8                               l23 0EA2                               l32 0F46  
                             l17 07FE                               l26 0ED6                               l35 0EC3  
                             l80 0EFE                               l96 038D                     ___awdiv@sign 0021  
                             fsr 0004               _init_matrix_keypad 0EA3                              l113 03EC  
                            l114 03EF                              l106 0411                              l220 0700  
                            l140 0EB2                              l223 0F6B                              l160 0652  
                            l161 065A                              l153 0623                              l145 05F4  
                            l170 068F                              l162 0666                              l154 062B  
                            l146 05FC                              l163 0660                              l155 0637  
                            l147 0696                              l251 030A                              l156 0631  
                            l148 0608                              l149 0602                              l414 0EE9  
                            l191 0E8D                              l167 0681                              l271 0133  
                            l168 0689                              l281 0E97                              l178 0F21  
                            l274 01C1                              l541 0765                              l278 05DB  
                            l554 0FFF                              _GIE 005F                              _RB0 0030  
                            _RB1 0031                              _RB2 0032                              _RC2 003A  
                            _RD0 0040                              _RD1 0041                              _RD2 0042  
                            _RE1 0049                              _RD3 0043                              _RE2 004A  
                            _PR2 0092                              u940 05F4                              u941 05F3  
                            u950 05FA                              u951 05F9                              u960 0600  
                            u961 05FF                              u970 0606                              u971 0605  
                            u980 0623                              u981 0622                              u990 0629  
                            u991 0628                              u985 061F                    ?_display_time 0070  
                            _min 003C                              _sec 003D                              _isr 0F6C  
                 clcd_putch@addr 0028                              fsr0 0004                   clcd_putch@data 0078  
                   ___awmod@sign 0077              ?_init_matrix_keypad 0070                             l2010 0E93  
                           l2012 0E94                             l2014 0E95                             l2006 0E8E  
                           l2200 0713                             l2008 0E92                             l2130 07D8  
                           l2210 0725                             l2202 0718                             l2140 07F2  
                           l2132 07DD                             l2124 07CA                             l2220 0749  
                           l2212 072C                             l2204 071A                             l2142 07F5  
                           l2134 07E0                             l2126 07D4                             l2310 06EB  
                           l2230 0761                             l2222 074A                             l2214 072E  
                           l2206 071C                             l2150 0785                             l2136 07EC  
                           l2128 07D7                             l2312 06F1                             l2304 06D0  
                           l2224 0751                             l2216 0732                             l2208 0722  
                           l2240 0FB3                             l2400 058B                             l2160 07A7  
                           l2152 078A                             l2144 0766                             l2320 01D0  
                           l2138 07ED                             l2314 0F47                             l2306 06D9  
                           l2218 0743                             l2226 0757                             l2250 0FC7  
                           l2242 0FB5                             l2234 0FA7                             l2410 05AE  
                           l2402 0594                             l2162 07AC                             l2154 0791  
                           l2146 076E                             l2170 0E9B                             l2330 01FD  
                           l2322 01D9                             l2180 0F2A                             l2308 06E7  
                           l2228 075C                             l2260 0FE4                             l2252 0FCE  
                           l2244 0FB9                             l2236 0FA8                             l2420 05D2  
                           l2412 05B1                             l2404 059D                             l2164 07BC  
                           l2156 0794                             l2148 0775                             l2172 0E9C  
                           l1604 0635                             l2340 021C                             l2332 0203  
                           l2324 01E2                             l2316 01C5                             l2500 0329  
                           l2182 0F38                             l2190 0701                             l2262 0FEB  
                           l2254 0FD0                             l2246 0FBE                             l2238 0FAE  
                           l2422 05D7                             l2414 05B2                             l2406 05A4  
                           l2166 07C3                             l2158 079B                             l2174 0E9D  
                           l1550 0EAC                             l1630 0664                             l1614 063F  
                           l2430 0040                             l2350 0239                             l2342 021E  
                           l2334 0208                             l2326 01EC                             l2318 01CB  
                           l2502 032E                             l2510 034F                             l2184 0F3A  
                           l2176 0EC5                             l2192 0704                             l2256 0FD4  
                           l2248 0FC4                             l2264 0FF1                             l2416 05BB  
                           l2408 05A9                             l2168 0E98                             l1552 0EAF  
                           l2280 0EFD                             l2272 0EEA                             l1640 066E  
                           l1624 065E                             l1616 0645                             l1608 063B  
                           l1560 05DC                             l2440 0064                             l2432 0041  
                           l2424 002F                             l2352 023E                             l2360 024A  
                           l2344 0224                             l2336 020A                             l2328 01F5  
                           l2512 0355                             l2504 0337                             l2178 0F22  
                           l2290 06A3                             l2282 0697                             l2194 0708  
                           l2266 0FF6                             l2258 0FDE                             l2186 0EB3  
                           l2418 05C4                             l1554 0EB0                             l1546 0EA3  
                           l2274 0EF4                             l1650 068D                             l1642 0674  
                           l1634 066A                             l1618 0658                             l1562 05E2  
                           l2450 007F                             l2442 006C                             l2434 0049  
                           l2426 0035                             l2362 0250                             l2354 0241  
                           l2346 0230                             l2370 025B                             l2338 0210  
                           l2530 0379                             l2522 036A                             l2514 0359  
                           l2506 0345                             l2292 06B1                             l2196 070D  
                           l2268 0FFB                             l2188 0EBA                             l1556 0EB1  
                           l1548 0EAB                             l2276 0EF9                             l1660 0695  
                           l1644 0687                             l1572 0600                             l1564 05E6  
                           l2460 00A1                             l2444 0072                             l2452 008C  
                           l2436 0052                             l2428 0038                             l2380 0276  
                           l2372 0263                             l2364 0255                             l2356 0246  
                           l2348 0233                             l2540 0396                             l2532 037F  
                           l2524 0370                             l2516 035F                             l2508 034A  
                           l2294 06B5                             l2198 070F                             l2390 0523  
                           l1558 0E85                             l2278 0EFC                             l1590 0616  
                           l1582 060C                             l1566 05FA                             l1670 0EDF  
                           l2470 00B6                             l2462 00A3                             l2454 0092  
                           l2446 0077                             l2438 005B                             l2382 0289  
                           l2374 0264                             l2366 0258                             l2358 0247  
                           l2550 03B0                             l2542 039C                             l2534 0382  
                           l2518 0365                             l2296 06BB                             l2288 069A  
                           l2392 0540                             l1656 0693                             l1592 0629  
                           l1672 0EE1                             l1664 0ED8                             l2480 013D  
                           l2472 00CA                             l2464 00A8                             l2456 0095  
                           l2448 0079                             l2384 029C                             l2376 026C  
                           l2368 0259                             l2560 03CE                             l2552 03B5  
                           l2536 0388                             l2544 039F                             l2528 0373  
                           l2298 06CD                             l2394 054A                             l2386 04FF  
                           l1578 0606                             l1770 0F00                             l1674 0EE8  
                           l1666 0ED9                             l2474 012C                             l2466 00AC  
                           l2458 009B                             l2482 013D                             l2378 0271  
                           l2562 03D4                             l2554 03BA                             l2546 03A5  
                           l2538 0393                             l2490 0310                             l2396 0565  
                           l2388 0508                             l1588 0610                             l1780 0F0D  
                           l1772 0F06                             l1668 0EDD                             l2484 0142  
                           l2476 0134                             l2468 00AD                             l2564 03DD  
                           l2556 03BF                             l2548 03AB                             l2492 0313  
                           l2398 0582                             l1598 062F                             l1782 0F12  
                           l1774 0F0B                             l2486 015F                             l2478 0139  
                           l2566 03E6                             l2558 03C5                             l2574 03F2  
                           l2494 031C                             l1784 0F17                             l1792 0F19  
                           l2496 0322                             l2488 030B                             l1794 0F1E  
                           l2498 0327                             l1796 0F20                             ?_isr 0070  
                           STR_1 048A                             STR_2 0497                             STR_3 046E  
                           STR_4 04DC                             STR_5 04D4                             STR_6 047D  
                           STR_7 04E4                             STR_8 041F                             STR_9 04F3  
                           u1000 062F                             u1001 062E                             u1010 0635  
                           u1011 0634                             u1020 0652                             u1100 0EDD  
                           u1021 0651                             u1101 0EDC                             u1030 0658  
                           u1110 0EE8                             u1031 0657                             u1111 0EE7  
                           u2000 0FB9                             u1040 065E                             u2001 0FB8  
                           u1041 065D                             u1025 064E                             u2010 0FC4  
                           u1050 0664                             u2011 0FC3                             u1051 0663  
                           u1060 0681                             u2100 01CB                             u1061 0680  
                           u2101 01CA                             u2030 0FD4                             u1070 0687  
                           u1310 0F0B                             u2110 01FD                             u2031 0FD3  
                           u1071 0686                             u1311 0F0A                             u2111 01FC  
                           u2040 0FDE                             u1080 068D                             u1320 0F12  
                           u2200 0263                             u2120 0203                             u2041 0FDD  
                           u2025 0FC8                             u1081 068C                             u1065 067D  
                           u1321 0F11                             u2201 0262                             u2121 0202  
                           u1090 0693                             u1330 0F17                             u2210 026A  
                           u2130 0208                             u1091 0692                             u1331 0F16  
                           u2211 0268                             u2131 0207                             u2060 0FF1  
                           u1340 0F1E                             u2300 0048                             u2220 026B  
                           u2140 0210                             u2061 0FF0                             u2045 0FDA  
                           u1341 0F1D                             u2141 020F                             u2070 0FF6  
                           u2310 006C                             u2230 0271                             u2150 0224  
                           u2071 0FF5                             u2055 0FE5                             u2311 006B  
                           u2231 0270                             u2151 0223                             u2080 06BB  
                           u2320 0072                             u2240 0276                             u2160 0239  
                           u2400 0322                             u2081 06BA                             u2321 0071  
                           u2241 0275                             u2161 0238                             u2401 0321  
                           u2090 06F1                             u2250 05A4                             u2330 0077  
                           u2170 023E                             u2410 0327                             u2091 06F0  
                           u2251 05A3                             u2331 0076                             u2171 023D  
                           u2411 0326                             u2260 05A9                             u2340 007F  
                           u2180 0246                             u2500 03A5                             u2420 0355  
                           u2261 05A8                             u2341 007E                             u2181 0245  
                           u2501 03A4                             u2421 0354                             u2350 0092  
                           u2270 0035                             u2190 0250                             u2510 03AB  
                           u2430 0365                             u2351 0091                             u2271 0034  
                           u2191 024F                             u2511 03AA                             u2431 0364  
                           u2360 009B                             u2280 0040                             u2440 0370  
                           u2361 009A                             u2281 003F                             u2441 036F  
                           u2370 00A1                             u2290 0047                             u2450 0379  
                           u2371 00A0                             u2291 0045                             u2451 0378  
                           u1900 0713                             u2380 0133                             u2460 037F  
                           u1901 0712                             u2381 0132                             u2461 037E  
                           u1910 0722                             u2390 0142                             u2470 0388  
                           u1911 0721                             u2607 05CC                             u2391 0141  
                           u2471 0387                             u2527 033F                             u2480 0393  
                           u2617 0EBE                             u2537 076A                             u2481 0392  
                           u1850 07D1                             u1930 0732                             u2490 039C  
                           u1851 07CD                             u2627 06AB                             u1931 0731  
                           u2547 0779                             u2491 039B                             u2637 06E1  
                           u1925 0726                             u2557 0787                             u1950 0743  
                           u2647 06F9                             u1951 0742                             u2567 079D  
                           u1864 07D4                             u1880 0F46                             u2657 07DA  
                           u1881 0F45                             u1945 0733                             u2577 07A9  
                           u1970 0757                             u1890 0708                             u2667 07EF  
                           u1875 07E4                             u1971 0756                             u1955 073F  
                           u1891 0707                             u2587 07B7                             _PEIE 005E  
                           u1980 075C                             u2677 07F9                             u1981 075B  
                           u1965 074B                             u2597 07C5                             u1990 0FAE  
                           u1991 0FAD                   ?_display_modes 0070                             _main 030B  
                           _temp 003B                             btemp 007E                             start 000C  
              ___bmul@multiplier 0074             ??_init_matrix_keypad 0072                   clcd_write@byte 0075  
                 clcd_write@mode 0072                            ??_isr 0070             _display_power_screen 0697  
                          ?_main 0070                   ??_display_time 0029                  __end_of___awdiv 0766  
                          STR_10 0430                            STR_11 0450                            STR_12 04F9  
                          STR_20 04AF                            STR_13 0430                            STR_21 0440  
                          STR_14 04A3                            STR_15 04BA                            STR_16 04C4  
                          STR_17 045F                            STR_18 04CC                            STR_19 04EC  
                __end_of___awmod 1000                  ___awdiv@divisor 0072                            i1l302 0FA0  
                          i1l298 0F8A                     ?_init_config 0070                            i1l299 0F98  
                ___awdiv@counter 0020                            _PORTD 0008                            _TRISB 0086  
                          _TRISD 0088                     ?_init_timer2 0070             __end_of_clear_screen 0EC4  
             _read_matrix_keypad 0EFF                            btemp0 007E                            btemp1 007F  
                          pclath 000A              ?_read_matrix_keypad 0070                            status 0003  
                          wtemp0 007E                     ?_scan_keypad 0070                  __initialization 000F  
                   __end_of_main 0419            ?_display_power_screen 0070             ??_read_matrix_keypad 0074  
                         ??_main 002E                  ??_display_modes 0078                 ___awdiv@dividend 0074  
                         i1l2110 0F83                           i1l2120 0F9D                           i1l2112 0F88  
                         i1l2104 0F6C                           i1l2114 0F8F                           i1l2122 0F9F  
                         i1l2106 0F72                           i1l2116 0F94                           i1l2108 0F81  
                         i1l2118 0F96                           u180_20 0F81                           u180_21 0F80  
                         u181_20 0F88                           u181_21 0F87                           u182_20 0F8F  
                         u182_21 0F8E                           u183_20 0F94                           u183_21 0F93  
                         u184_20 0F9D                           u184_21 0F9C                           u179_20 0F72  
                         u179_21 0F71                           _TMR2IE 0461                           _TMR2IF 0061  
                         _TMR2ON 0092                           _TRISC2 043A                           _TRISE1 0449  
                         _TRISE2 044A                           ___bmul 0ED7          _init_display_controller 0766  
                      ??___awdiv 0076                        ??___awmod 0076                 ___awdiv@quotient 0022  
                ___awmod@divisor 0024                  ___awmod@counter 0076                     __pdataCOMMON 007B  
               __end_of_set_temp 01C2                 __end_of_set_time 030B                           ltemp0a 0080  
                         saved_w 007E                           ttemp0a 007F                           wtemp0a 007F  
        __end_of__initialization 0028             __end_of_display_time 05DC              ___bmul@multiplicand 0072  
                 __pcstackCOMMON 0070                     __pidataBANK0 0003           ??_display_power_screen 0029  
      display_power_screen@i_185 002D                   _OPTION_REGbits 0081                       __pbssBANK0 0033  
      ??_init_display_controller 0076                       _clcd_print 0F22                       _clcd_putch 0EC4  
                     _clcd_write 07C9                       __pmaintext 030B                     _clear_screen 0EB3  
                        ?___bmul 0072                       __pintentry 0004                       __stringtab 0419  
              __end_of_heat_food 0E98                        ?_set_temp 0029                        ?_set_time 0029  
                        ___awdiv 0701                          ___awmod 0FA7                          __ptext1 01C2  
                        __ptext2 002C                          __ptext3 0ED7                          __ptext4 0EFF  
                        __ptext5 05DC                          __ptext6 0EEA                          __ptext7 0E85  
                        __ptext8 0EA3                          __ptext9 0E98  __end_of_init_display_controller 07C9  
              __end_of_init_clcd 0EA3                 ___awmod@dividend 0026                   main@reset_flag 0031  
                        main@key 0032             end_of_initialization 0028                      set_temp@key 002C  
                    set_time@key 002C                      ?_clcd_print 0076                      ?_clcd_putch 0028  
                    ?_clcd_write 0072            set_temp@display_blank 0033                       ??_set_temp 002A  
                     ??_set_time 002A            display_power_screen@i 002C                     _display_time 04FF  
                  clcd_print@str 0076            __end_of_display_modes 0F6C               set_temp@reset_flag 0029  
                 __end_of___bmul 0EEA                    __pidataCOMMON 07FF              start_initialization 000F  
                   scan_keypad@i 0072           read_matrix_keypad@mode 0074           read_matrix_keypad@once 007B  
                    __end_of_isr 0FA7                         ??___bmul 0073                      __pdataBANK0 003E  
                  ??_init_config 0078                    ??_init_timer2 0072                      __pbssCOMMON 0079  
                      ___latbits 0002                    __pcstackBANK0 0020                    ??_scan_keypad 0072  
                       ?___awdiv 0072                         ?___awmod 0024                        _heat_food 0E8E  
                      __pstrings 0419               set_time@reset_flag 0029                        _init_clcd 0E98  
            __end_of_init_config 0EFF              __end_of_init_timer2 0E8E         ?_init_display_controller 0070  
              interrupt_function 0004                     ??_clcd_print 0078                     ??_clcd_putch 0078  
     __end_of_init_matrix_keypad 0EB3                     ??_clcd_write 0073                set_temp@key_count 0035  
            __end_of_scan_keypad 0697                       ?_heat_food 0070                      __stringbase 041E  
             __end_of_clcd_print 0F47               __end_of_clcd_putch 0ED7               __end_of_clcd_write 07FF  
                     ?_init_clcd 0070            read_matrix_keypad@key 0075                set_time@blink_pos 0039  
                  set_temp@delay 0034                    set_time@delay 0037       __end_of_read_matrix_keypad 0F22  
          set_time@display_blank 0036               __end_of__stringtab 041F                set_time@key_count 0038  
                    _init_config 0EEA                      _init_timer2 0E85                         __ptext10 0766  
                       __ptext11 0E8E                         __ptext20 07C9                         __ptext12 04FF  
                       __ptext21 0F6C                         __ptext13 0EB3                         __ptext14 0FA7  
                       __ptext15 0701                         __ptext16 0697                         __ptext17 0EC4  
                       __ptext18 0F47                         __ptext19 0F22                      _scan_keypad 05DC  
                       _pre_heat 003A                    ?_clear_screen 0070                         _set_temp 002C  
                       _set_time 01C2                      ??_heat_food 0072                         isr@count 0079  
                    ??_init_clcd 0078                         intlevel1 0000     __end_of_display_power_screen 0701  
                    _screen_flag 003E                        stringcode 0419                   ??_clear_screen 0076  
                       stringdir 0419                         stringtab 0419                    _display_modes 0F47  
